tag,ts,host,cudart,mode,precision,gpus,N,iters,warmup,agg_gbps,per_gpu_gbps,pct_peak_bw,wall_ms,sm_mhz_avg,sm_mhz_max,mem_mhz_avg,power_w_avg,power_w_max,temp_c_max,throttle,util_pct_avg,mem_gb_per_gpu,validated,max_rel_err,h2d_ms,d2h_ms,compute_ms,e2e_ms,transfer_pct,status
split,1785165481,NVIDIA_L40S,12080,split,fp32,1,33554432,20,5,767.85,767.85,49.379,10.488,2520,2520,9001,74.4,74.4,40,none,0.0,0.403,1,5.79e-08,10.766,5.304,0.524,16.594,96.8,ok
split,1785165481,NVIDIA_L40S,12080,split,fp32,2,33554432,20,5,1579.41,789.70,50.785,5.099,0,0,0,0.0,0.0,0,none,0.0,0.201,1,5.93e-08,5.343,3.206,0.255,8.804,97.1,ok
split,1785165481,NVIDIA_L40S,12080,split,fp64,1,33554432,20,5,765.15,765.15,49.206,21.050,2520,2520,9001,95.9,95.9,40,none,0.0,0.805,1,-1,21.494,10.596,1.052,33.142,96.8,ok
split,1785165481,NVIDIA_L40S,12080,split,fp64,2,33554432,20,5,1538.42,769.21,49.467,10.469,0,0,0,0.0,0.0,0,none,0.0,0.403,1,933,10.676,6.347,0.523,17.547,97.0,ok
split,1785165482,NVIDIA_L40S,12080,split,fp32,1,67108864,20,5,765.28,765.28,49.214,21.046,2520,2520,9001,105.5,105.5,40,none,0.0,0.805,0,-1,21.501,10.591,1.052,33.144,96.8,ok
split,1785165482,NVIDIA_L40S,12080,split,fp32,2,67108864,20,5,1534.63,767.31,49.345,10.495,0,0,0,0.0,0.0,0,none,0.0,0.403,0,-1,11.480,6.384,0.524,18.387,97.2,ok
split,1785165482,NVIDIA_L40S,12080,split,fp64,1,67108864,20,5,760.62,760.62,48.914,42.350,2520,2520,9001,110.2,110.2,40,none,51.0,1.611,0,-1,42.980,20.777,2.118,65.874,96.8,ok
split,1785165483,NVIDIA_L40S,12080,split,fp64,2,67108864,20,5,1533.14,766.57,49.297,21.011,2520,2520,9001,99.0,104.0,40,none,1.0,0.805,0,-1,21.494,12.717,1.051,35.262,97.0,ok
split,1785165485,NVIDIA_L40S,12080,split,fp32,1,134217728,20,5,760.74,760.74,48.922,42.343,2520,2520,9001,101.3,101.3,40,none,0.0,1.611,0,-1,42.988,21.028,2.117,66.133,96.8,ok
split,1785165485,NVIDIA_L40S,12080,split,fp32,2,134217728,20,5,1531.17,765.58,49.234,21.038,2520,2520,9001,102.2,110.4,40,none,14.5,0.805,0,-1,32.249,10.640,1.052,43.941,97.6,ok
split,1785165485,NVIDIA_L40S,12080,split,fp64,1,134217728,20,5,762.65,762.65,49.045,84.474,2520,2520,9001,110.5,110.7,40,none,50.0,3.221,0,-1,85.957,41.182,4.224,131.363,96.8,ok
split,1785165487,NVIDIA_L40S,12080,split,fp64,2,134217728,20,5,1521.71,760.86,48.930,42.337,2520,2520,9001,98.0,100.5,41,none,19.4,1.611,0,-1,42.681,24.503,2.113,69.297,97.0,ok
split,1785165490,NVIDIA_L40S,12080,split,fp32,1,268435456,20,5,763.86,763.86,49.123,84.341,2520,2520,9001,101.1,101.2,40,none,50.0,3.221,0,-1,85.959,41.668,4.217,131.845,96.8,ok
split,1785165490,NVIDIA_L40S,12080,split,fp32,2,268435456,20,5,1524.29,762.14,49.013,42.265,2520,2520,9001,105.8,115.0,40,none,23.5,1.611,0,-1,72.744,21.098,2.104,95.946,97.8,ok
split,1785165491,NVIDIA_L40S,12080,split,fp64,1,268435456,20,5,759.91,759.91,48.869,169.559,2520,2520,9001,106.9,112.9,41,none,100.0,6.442,0,-1,171.895,81.766,8.478,262.138,96.8,ok
split,1785165494,NVIDIA_L40S,12080,split,fp64,2,268435456,20,5,1521.30,760.65,48.917,84.696,2520,2520,9001,99.8,105.7,41,none,12.8,3.221,0,-1,85.943,48.813,4.227,138.983,97.0,ok
split,1785165500,NVIDIA_L40S,12080,split,fp32,1,536870912,20,5,760.15,760.15,48.884,169.504,2520,2520,9001,102.9,110.8,41,none,100.0,6.442,0,-1,171.893,82.176,8.475,262.544,96.8,ok
split,1785165501,NVIDIA_L40S,12080,split,fp32,2,536870912,20,5,1528.39,764.20,49.144,84.304,2520,2520,9001,111.6,131.0,41,none,50.6,3.221,0,-1,154.782,41.500,4.214,200.495,97.9,ok
split,1785165502,NVIDIA_L40S,12080,split,fp64,1,536870912,20,5,760.79,760.79,48.925,338.724,2520,2520,9001,117.4,138.3,42,none,100.0,12.885,0,-1,343.761,162.779,16.936,523.476,96.8,ok
split,1785165507,NVIDIA_L40S,12080,split,fp64,2,536870912,20,5,1521.35,760.68,48.918,169.388,2520,2520,9001,111.4,129.8,42,none,100.0,6.442,0,-1,171.895,81.835,8.461,262.192,96.8,ok
split,1785165519,NVIDIA_L40S,12080,split,fp32,1,1073741824,20,5,763.20,763.20,49.080,337.654,2520,2520,9001,133.4,153.3,43,none,100.0,12.885,0,-1,343.760,163.393,16.883,524.035,96.8,ok
split,1785165521,NVIDIA_L40S,12080,split,fp32,2,1073741824,20,5,1522.19,761.09,48.945,169.294,2520,2520,9001,112.0,133.1,43,none,88.1,6.442,0,-1,322.017,81.895,8.451,412.364,98.0,ok
split,1785165523,NVIDIA_L40S,12080,split,fp64,1,1073741824,20,5,760.65,760.65,48.916,677.574,2520,2520,9001,156.6,194.5,43,none,100.0,25.770,0,-1,689.390,326.240,33.879,1049.509,96.8,ok
split,1785165535,NVIDIA_L40S,12080,split,fp64,2,1073741824,20,5,1521.75,760.88,48.931,338.686,2520,2520,9001,122.3,140.7,43,none,100.0,12.885,0,-1,343.762,163.224,16.934,523.920,96.8,ok
replicas,1785165546,NVIDIA_L40S,12080,replicas,fp32,1,33554432,20,5,766.22,766.22,49.274,10.510,2520,2520,9001,100.7,100.7,40,none,0.0,0.403,0,-1,10.760,5.304,0.526,16.589,96.8,ok
replicas,1785165546,NVIDIA_L40S,12080,replicas,fp32,2,33554432,20,5,1533.91,766.95,49.322,10.500,2520,2520,9001,101.6,101.6,40,none,26.0,0.403,0,-1,10.676,6.388,0.525,17.589,97.0,ok
replicas,1785165546,NVIDIA_L40S,12080,replicas,fp64,1,33554432,20,5,767.57,767.57,49.362,20.983,2520,2520,9001,101.7,101.7,40,none,2.0,0.805,0,-1,21.494,10.428,1.049,32.971,96.8,ok
replicas,1785165547,NVIDIA_L40S,12080,replicas,fp64,2,33554432,20,5,1533.24,766.62,49.300,21.009,2520,2520,9001,98.9,102.4,40,none,11.5,0.805,0,-1,21.345,12.856,1.050,35.251,97.0,ok
replicas,1785165548,NVIDIA_L40S,12080,replicas,fp32,1,67108864,20,5,765.63,765.63,49.237,21.036,2520,2520,9001,101.7,101.7,40,none,0.0,0.805,0,-1,21.500,10.601,1.052,33.153,96.8,ok
replicas,1785165548,NVIDIA_L40S,12080,replicas,fp32,2,67108864,20,5,1527.59,763.79,49.119,21.087,2520,2520,9001,99.9,101.6,40,none,12.5,0.805,0,-1,22.220,12.688,1.054,35.961,97.1,ok
replicas,1785165548,NVIDIA_L40S,12080,replicas,fp64,1,67108864,20,5,764.62,764.62,49.172,42.128,2520,2520,9001,106.9,106.9,40,none,1.0,1.611,0,-1,42.988,20.431,2.106,65.525,96.8,ok
replicas,1785165549,NVIDIA_L40S,12080,replicas,fp64,2,67108864,20,5,1520.25,760.12,48.883,42.378,2520,2520,9001,102.4,110.7,40,none,11.0,1.611,0,-1,42.979,24.996,2.118,70.093,97.0,ok
replicas,1785165551,NVIDIA_L40S,12080,replicas,fp32,1,134217728,20,5,760.18,760.18,48.886,42.375,2520,2520,9001,101.5,101.5,41,none,12.6,1.611,0,-1,42.991,21.014,2.119,66.124,96.8,ok
replicas,1785165551,NVIDIA_L40S,12080,replicas,fp32,2,134217728,20,5,1529.03,764.52,49.165,42.134,2520,2520,9001,99.4,104.7,40,none,0.0,1.611,0,-1,52.682,25.047,2.101,79.831,97.4,ok
replicas,1785165551,NVIDIA_L40S,12080,replicas,fp64,1,134217728,20,5,763.22,763.22,49.081,84.412,2520,2520,9001,104.3,112.5,40,none,2.4,3.221,0,-1,85.957,41.249,4.221,131.426,96.8,ok
replicas,1785165553,NVIDIA_L40S,12080,replicas,fp64,2,134217728,20,5,1518.97,759.49,48.842,84.826,2520,2520,9001,99.3,104.0,41,none,37.4,3.221,0,-1,85.960,41.602,4.236,131.798,96.8,ok
replicas,1785165556,NVIDIA_L40S,12080,replicas,fp32,1,268435456,20,5,762.27,762.27,49.020,84.517,2520,2520,9001,107.3,112.7,42,none,100.0,3.221,0,-1,85.964,41.671,4.226,131.860,96.8,ok
replicas,1785165557,NVIDIA_L40S,12080,replicas,fp32,2,268435456,20,5,1527.77,763.89,49.125,84.338,2520,2520,9001,108.8,126.0,42,none,20.4,3.221,0,-1,115.700,41.975,4.217,161.892,97.4,ok
replicas,1785165558,NVIDIA_L40S,12080,replicas,fp64,1,268435456,20,5,760.68,760.68,48.918,169.386,2520,2520,9001,112.8,121.5,42,none,78.3,6.442,0,-1,171.892,81.810,8.469,262.171,96.8,ok
replicas,1785165560,NVIDIA_L40S,12080,replicas,fp64,2,268435456,20,5,1520.98,760.49,48.906,169.429,2520,2520,9001,108.3,122.9,42,none,82.9,6.442,0,-1,171.897,82.006,8.463,262.367,96.8,ok
replicas,1785165567,NVIDIA_L40S,12080,replicas,fp32,1,536870912,20,5,761.61,761.61,48.978,169.180,2520,2520,9001,106.9,111.9,42,none,95.2,6.442,0,-1,171.894,82.205,8.459,262.558,96.8,ok
replicas,1785165569,NVIDIA_L40S,12080,replicas,fp32,2,536870912,20,5,1522.39,761.19,48.951,169.272,2520,2520,9001,107.8,118.4,42,none,96.3,6.442,0,-1,241.765,81.824,8.449,332.038,97.5,ok
replicas,1785165570,NVIDIA_L40S,12080,replicas,fp64,1,536870912,20,5,759.95,759.95,48.871,339.098,2520,2520,9001,125.5,149.0,42,none,100.0,12.885,0,-1,343.770,163.081,16.955,523.805,96.8,ok
replicas,1785165576,NVIDIA_L40S,12080,replicas,fp64,2,536870912,20,5,1518.87,759.43,48.838,339.329,2520,2520,9001,121.6,143.5,43,none,100.0,12.885,0,-1,343.768,163.402,16.940,524.110,96.8,ok
replicas,1785165590,NVIDIA_L40S,12080,replicas,fp32,1,1073741824,20,5,762.98,762.98,49.066,337.754,2520,2520,9001,123.8,155.5,43,none,100.0,12.885,0,-1,343.759,163.417,16.888,524.064,96.8,ok
replicas,1785165592,NVIDIA_L40S,12080,replicas,fp32,2,1073741824,20,5,1525.01,762.51,49.036,337.962,2520,2520,9001,127.1,159.7,43,none,96.4,12.885,0,-1,493.884,163.409,16.898,674.191,97.5,ok
replicas,1785165596,NVIDIA_L40S,12080,replicas,fp64,1,1073741824,20,5,760.56,760.56,48.911,677.654,2520,2520,9001,155.5,193.2,43,none,100.0,25.770,0,-1,689.383,326.230,33.883,1049.496,96.8,ok
replicas,1785165608,NVIDIA_L40S,12080,replicas,fp64,2,1073741824,20,5,1520.41,760.21,48.888,677.970,2520,2520,9001,144.8,184.1,43,none,100.0,25.770,0,-1,689.399,327.019,33.872,1050.290,96.8,ok
