tag,ts,host,cudart,mode,precision,gpus,S,iters,warmup,agg_gbps,per_gpu_gbps,pct_peak_bw,wall_ms,sm_mhz_avg,sm_mhz_max,mem_mhz_avg,power_w_avg,power_w_max,temp_c_max,throttle,util_pct_avg,mem_gb_per_gpu,validated,max_rel_err,h2d_ms,d2h_ms,compute_ms,e2e_ms,transfer_pct,agg_tflops,engine,density,nnz,status
split,1789145300,NVIDIA_A30,11050,split,fp32,1,512,15,3,144.91,144.91,9.32,0.109,930,930,1215,33.8,33.8,33,none,13.0,0.001,1,1.12e-05,0.153,0.012,0.007,0.173,95.81,0.07245,dense,1,0,ok
split,1789145301,NVIDIA_A30,11050,split,fp64,1,512,15,3,202.11,202.11,13.00,0.156,930,930,1215,33.8,33.8,33,none,13.0,0.002,1,0,0.145,0.016,0.010,0.171,93.93,0.05053,dense,1,0,ok
split,1789145301,NVIDIA_A30,11050,split,bf16,1,512,15,3,51.89,51.89,3.34,0.152,930,930,1215,33.8,33.8,33,none,13.0,0.001,1,1.5e-05,0.068,0.014,0.010,0.092,89.05,0.05189,dense,1,0,ok
split,1789145301,NVIDIA_A30,11050,split,fp32,1,1024,15,3,227.56,227.56,14.63,0.276,930,930,1215,33.8,33.8,33,none,13.0,0.004,1,3.65e-05,0.281,0.013,0.018,0.312,94.09,0.1138,dense,1,0,ok
split,1789145301,NVIDIA_A30,11050,split,fp64,1,1024,15,3,280.55,280.55,18.04,0.449,930,930,1215,33.8,33.8,33,none,13.0,0.008,1,0,0.528,0.017,0.030,0.576,94.80,0.07014,dense,1,0,ok
split,1789145301,NVIDIA_A30,11050,split,bf16,1,1024,15,3,187.32,187.32,12.05,0.168,930,930,1215,33.8,33.8,33,none,13.0,0.002,1,3.09e-05,0.136,0.016,0.011,0.163,93.13,0.1873,dense,1,0,ok
split,1789145301,NVIDIA_A30,11050,split,fp32,1,2048,15,3,698.18,698.18,44.90,0.360,930,930,1215,33.8,33.8,33,none,13.0,0.017,1,5.56e-05,1.022,0.014,0.024,1.061,97.73,0.3491,dense,1,0,ok
split,1789145301,NVIDIA_A30,11050,split,fp64,1,2048,15,3,734.71,734.71,47.25,0.685,930,930,1215,33.8,33.8,33,none,13.0,0.034,1,7.27e-16,1.898,0.014,0.046,1.958,97.67,0.1837,dense,1,0,ok
split,1789145301,NVIDIA_A30,11050,split,bf16,1,2048,15,3,426.67,426.67,27.44,0.295,930,930,1215,34.0,34.0,33,none,13.0,0.008,1,0.000205,0.524,0.011,0.020,0.555,96.46,0.4267,dense,1,0,ok
split,1789145301,NVIDIA_A30,11050,split,fp32,1,4096,15,3,685.52,685.52,44.09,1.468,930,930,1215,34.3,34.3,33,none,10.0,0.067,0,-1,3.434,0.014,0.098,3.546,97.24,0.3428,dense,1,0,ok
split,1789145301,NVIDIA_A30,11050,split,fp64,1,4096,15,3,770.41,770.41,49.54,2.613,930,930,1215,33.5,33.5,33,none,10.0,0.134,0,-1,6.418,0.014,0.174,6.606,97.36,0.1926,dense,1,0,ok
split,1789145301,NVIDIA_A30,11050,split,bf16,1,4096,15,3,570.87,570.87,36.71,0.882,930,930,1215,33.5,33.5,33,none,9.0,0.034,0,-1,1.783,0.014,0.059,1.856,96.83,0.5709,dense,1,0,ok
split,1789145301,NVIDIA_A30,11050,split,fp32,1,8192,15,3,841.10,841.10,54.09,4.787,930,930,1215,33.5,33.5,33,none,0.0,0.269,0,-1,12.665,0.017,0.319,13.001,97.55,0.4206,dense,1,0,ok
split,1789145301,NVIDIA_A30,11050,split,fp64,1,8192,15,3,791.98,791.98,50.93,10.168,930,930,1215,33.4,33.4,33,none,7.0,0.537,0,-1,24.170,0.019,0.678,24.867,97.27,0.198,dense,1,0,ok
split,1789145302,NVIDIA_A30,11050,split,bf16,1,8192,15,3,728.72,728.72,46.86,2.763,930,930,1215,33.4,33.4,33,none,29.0,0.134,0,-1,6.294,0.018,0.184,6.496,97.16,0.7287,dense,1,0,ok
split,1789145304,NVIDIA_A30,11050,split,fp32,1,16384,15,3,852.50,852.50,54.82,18.893,930,930,1215,33.4,33.4,33,none,0.0,1.074,0,-1,48.101,0.019,1.260,49.380,97.45,0.4263,dense,1,0,ok
split,1789145304,NVIDIA_A30,11050,split,fp64,1,16384,15,3,860.50,860.50,55.34,37.434,930,930,1215,34.6,35.2,33,none,2.7,2.148,0,-1,96.388,0.024,2.496,98.907,97.48,0.2151,dense,1,0,ok
split,1789145306,NVIDIA_A30,11050,split,bf16,1,16384,15,3,853.43,853.43,54.88,9.436,1440,1440,1215,51.3,51.3,33,none,1.0,0.537,0,-1,22.447,0.015,0.629,23.091,97.28,0.8534,dense,1,0,ok
split,1789145313,NVIDIA_A30,11050,split,fp32,1,32768,15,3,859.92,859.92,55.30,74.919,943,1395,1215,35.7,35.7,33,none,0.0,4.295,0,-1,191.158,0.023,4.995,196.175,97.45,0.43,dense,1,0,ok
split,1789145314,NVIDIA_A30,11050,split,fp64,1,32768,15,3,878.09,878.09,56.47,146.738,1440,1440,1215,98.5,146.8,34,none,100.0,8.590,0,-1,371.240,0.032,9.783,381.055,97.43,0.2195,dense,1,0,ok
split,1789145323,NVIDIA_A30,11050,split,bf16,1,32768,15,3,617.40,617.40,39.70,52.174,930,930,1215,35.1,35.1,32,none,0.0,2.148,0,-1,95.471,0.029,3.478,98.979,96.49,0.6174,dense,1,0,ok
split,1789145351,NVIDIA_A30,11050,split,fp32,1,65536,15,3,144.56,144.56,9.30,1782.588,1440,1440,1215,133.1,140.8,37,none,100.0,17.180,0,-1,724.733,0.033,118.839,843.604,85.91,0.07228,dense,1,0,ok
split,1789145354,NVIDIA_A30,11050,split,fp64,1,65536,15,3,0,0,0,0,0,0,0,0,0,0,none,0,34.361,0,-1,0,0,0,0,0,0,dense,1,0,oom-skip
split,1789145354,NVIDIA_A30,11050,split,bf16,1,65536,15,3,835.83,835.83,53.75,154.157,1438,1440,1215,107.0,167.8,34,sw_pwr,100.0,8.590,0,-1,360.246,0.031,10.277,370.554,97.23,0.8358,dense,1,0,ok
replicas,1789145372,NVIDIA_A30,11050,replicas,fp32,1,512,15,3,143.55,143.55,9.23,0.110,930,930,1215,33.4,33.4,31,none,12.0,0.001,0,-1,0.100,0.012,0.007,0.119,93.84,0.07178,dense,1,0,ok
replicas,1789145373,NVIDIA_A30,11050,replicas,fp64,1,512,15,3,232.73,232.73,14.97,0.135,930,930,1215,33.4,33.4,31,none,12.0,0.002,0,-1,0.163,0.016,0.009,0.188,95.21,0.05818,dense,1,0,ok
replicas,1789145373,NVIDIA_A30,11050,replicas,bf16,1,512,15,3,66.78,66.78,4.29,0.118,930,930,1215,33.4,33.4,31,none,12.0,0.001,0,-1,0.046,0.014,0.008,0.067,88.34,0.06678,dense,1,0,ok
replicas,1789145373,NVIDIA_A30,11050,replicas,fp32,1,1024,15,3,225.05,225.05,14.47,0.280,930,930,1215,33.4,33.4,31,none,12.0,0.004,0,-1,0.281,0.014,0.019,0.314,94.06,0.1125,dense,1,0,ok
replicas,1789145373,NVIDIA_A30,11050,replicas,fp64,1,1024,15,3,281.19,281.19,18.08,0.447,930,930,1215,33.4,33.4,31,none,12.0,0.008,0,-1,0.537,0.016,0.030,0.582,94.88,0.0703,dense,1,0,ok
replicas,1789145373,NVIDIA_A30,11050,replicas,bf16,1,1024,15,3,187.32,187.32,12.05,0.168,930,930,1215,33.4,33.4,31,none,12.0,0.002,0,-1,0.156,0.014,0.011,0.181,93.82,0.1873,dense,1,0,ok
replicas,1789145373,NVIDIA_A30,11050,replicas,fp32,1,2048,15,3,700.17,700.17,45.03,0.359,930,930,1215,33.4,33.4,31,none,12.0,0.017,0,-1,1.013,0.014,0.024,1.051,97.72,0.3501,dense,1,0,ok
replicas,1789145373,NVIDIA_A30,11050,replicas,fp64,1,2048,15,3,724.96,724.96,46.62,0.694,930,930,1215,33.4,33.4,31,none,12.0,0.034,0,-1,2.157,0.012,0.046,2.215,97.91,0.1812,dense,1,0,ok
replicas,1789145373,NVIDIA_A30,11050,replicas,bf16,1,2048,15,3,402.89,402.89,25.91,0.312,930,930,1215,33.0,33.0,31,none,12.0,0.008,0,-1,0.523,0.014,0.021,0.558,96.27,0.4029,dense,1,0,ok
replicas,1789145373,NVIDIA_A30,11050,replicas,fp32,1,4096,15,3,681.72,681.72,43.84,1.477,930,930,1215,32.8,32.8,31,none,10.0,0.067,0,-1,3.440,0.014,0.098,3.552,97.23,0.3409,dense,1,0,ok
replicas,1789145373,NVIDIA_A30,11050,replicas,fp64,1,4096,15,3,771.31,771.31,49.60,2.610,930,930,1215,33.1,33.1,31,none,10.0,0.134,0,-1,6.449,0.015,0.174,6.637,97.38,0.1928,dense,1,0,ok
replicas,1789145373,NVIDIA_A30,11050,replicas,bf16,1,4096,15,3,570.87,570.87,36.71,0.882,930,930,1215,33.5,33.5,31,none,5.0,0.034,0,-1,1.991,0.012,0.059,2.062,97.15,0.5709,dense,1,0,ok
replicas,1789145374,NVIDIA_A30,11050,replicas,fp32,1,8192,15,3,842.00,842.00,54.15,4.782,930,930,1215,32.9,32.9,31,none,0.0,0.269,0,-1,12.549,0.014,0.319,12.882,97.53,0.421,dense,1,0,ok
replicas,1789145374,NVIDIA_A30,11050,replicas,fp64,1,8192,15,3,791.66,791.66,50.91,10.172,930,930,1215,32.9,32.9,31,none,0.0,0.537,0,-1,24.537,0.017,0.678,25.233,97.31,0.1979,dense,1,0,ok
replicas,1789145374,NVIDIA_A30,11050,replicas,bf16,1,8192,15,3,729.80,729.80,46.93,2.759,930,930,1215,32.9,32.9,31,none,15.0,0.134,0,-1,6.539,0.018,0.184,6.741,97.27,0.7298,dense,1,0,ok
replicas,1789145376,NVIDIA_A30,11050,replicas,fp32,1,16384,15,3,851.85,851.85,54.78,18.907,930,930,1215,33.0,33.1,31,none,0.0,1.074,0,-1,48.342,0.020,1.260,49.623,97.46,0.4259,dense,1,0,ok
replicas,1789145376,NVIDIA_A30,11050,replicas,fp64,1,16384,15,3,864.88,864.88,55.62,37.245,1065,1065,1215,35.0,36.6,32,none,9.1,2.148,0,-1,88.355,0.022,2.483,90.860,97.27,0.2162,dense,1,0,ok
replicas,1789145378,NVIDIA_A30,11050,replicas,bf16,1,16384,15,3,852.96,852.96,54.85,9.441,1440,1440,1215,50.8,50.8,32,none,1.0,0.537,0,-1,22.837,0.016,0.629,23.483,97.32,0.853,dense,1,0,ok
replicas,1789145386,NVIDIA_A30,11050,replicas,fp32,1,32768,15,3,853.41,853.41,54.88,75.490,930,930,1215,35.3,35.3,31,none,30.0,4.295,0,-1,191.091,0.022,5.033,196.145,97.43,0.4267,dense,1,0,ok
replicas,1789145386,NVIDIA_A30,11050,replicas,fp64,1,32768,15,3,878.25,878.25,56.48,146.712,1432,1440,1215,136.1,157.0,33,none,61.9,8.590,0,-1,360.029,0.029,9.781,369.839,97.36,0.2196,dense,1,0,ok
replicas,1789145395,NVIDIA_A30,11050,replicas,bf16,1,32768,15,3,617.18,617.18,39.69,52.192,930,930,1215,34.1,34.1,31,none,0.0,2.148,0,-1,95.906,0.022,3.479,99.408,96.50,0.6172,dense,1,0,ok
replicas,1789145424,NVIDIA_A30,11050,replicas,fp32,1,65536,15,3,144.58,144.58,9.30,1782.410,1440,1440,1215,135.0,143.2,36,none,100.0,17.180,0,-1,710.607,0.030,118.827,829.464,85.67,0.07229,dense,1,0,ok
replicas,1789145426,NVIDIA_A30,11050,replicas,fp64,1,65536,15,3,0,0,0,0,0,0,0,0,0,0,none,0,34.361,0,-1,0,0,0,0,0,0,dense,1,0,oom-skip
replicas,1789145426,NVIDIA_A30,11050,replicas,bf16,1,65536,15,3,836.00,836.00,53.76,154.126,1440,1440,1215,54.1,54.1,32,sw_pwr,86.0,8.590,0,-1,366.203,0.030,10.275,376.508,97.27,0.836,dense,1,0,ok
sparse,1789145444,NVIDIA_A30,11050,split,fp32,1,1024,15,3,5.29,5.29,0.34,0.232,930,930,1215,32.8,32.8,31,none,13.0,0.004,0,-1,0.041,0.020,0.015,0.076,79.72,0.001322,sparse,0.01,10240,ok
sparse,1789145444,NVIDIA_A30,11050,split,fp64,1,1024,15,3,8.14,8.14,0.52,0.226,930,930,1215,32.8,32.8,31,none,13.0,0.008,0,-1,0.058,0.016,0.015,0.088,82.92,0.001357,sparse,0.01,10240,ok
sparse,1789145444,NVIDIA_A30,11050,split,fp32,1,1024,15,3,26.72,26.72,1.72,0.234,930,930,1215,32.8,32.8,31,none,13.0,0.004,0,-1,0.090,0.013,0.016,0.118,86.76,0.006681,sparse,0.05,52224,ok
sparse,1789145444,NVIDIA_A30,11050,split,fp64,1,1024,15,3,39.57,39.57,2.54,0.238,930,930,1215,32.8,32.8,31,none,13.0,0.008,0,-1,0.096,0.014,0.016,0.126,87.39,0.006595,sparse,0.05,52224,ok
sparse,1789145444,NVIDIA_A30,11050,split,fp32,1,1024,15,3,51.86,51.86,3.34,0.242,930,930,1215,32.8,32.8,31,none,13.0,0.004,0,-1,0.142,0.011,0.016,0.169,90.48,0.01297,sparse,0.1,104448,ok
sparse,1789145444,NVIDIA_A30,11050,split,fp64,1,1024,15,3,77.14,77.14,4.96,0.244,930,930,1215,32.8,32.8,31,none,13.0,0.008,0,-1,0.140,0.012,0.016,0.168,90.35,0.01286,sparse,0.1,104448,ok
sparse,1789145444,NVIDIA_A30,11050,split,fp32,1,1024,15,3,120.94,120.94,7.78,0.260,930,930,1215,32.8,32.8,31,none,13.0,0.004,0,-1,0.381,0.016,0.017,0.414,95.81,0.03024,sparse,0.25,262144,ok
sparse,1789145444,NVIDIA_A30,11050,split,fp64,1,1024,15,3,159.45,159.45,10.25,0.296,930,930,1215,32.8,32.8,31,none,13.0,0.008,0,-1,0.357,0.016,0.020,0.392,94.97,0.02657,sparse,0.25,262144,ok
sparse,1789145444,NVIDIA_A30,11050,split,fp32,1,2048,15,3,21.52,21.52,1.38,0.228,930,930,1215,32.8,32.8,31,none,13.0,0.017,0,-1,0.083,0.013,0.015,0.111,86.31,0.005381,sparse,0.01,40960,ok
sparse,1789145444,NVIDIA_A30,11050,split,fp64,1,2048,15,3,30.64,30.64,1.97,0.241,930,930,1215,32.8,32.8,31,none,13.0,0.034,0,-1,0.076,0.013,0.016,0.104,84.62,0.005106,sparse,0.01,40960,ok
sparse,1789145444,NVIDIA_A30,11050,split,fp32,1,2048,15,3,97.14,97.14,6.25,0.258,930,930,1215,32.8,32.8,31,none,13.0,0.017,0,-1,0.264,0.013,0.017,0.294,94.14,0.02429,sparse,0.05,208896,ok
sparse,1789145444,NVIDIA_A30,11050,split,fp64,1,2048,15,3,130.68,130.68,8.40,0.288,930,930,1215,32.8,32.8,31,none,13.0,0.034,0,-1,0.266,0.013,0.019,0.299,93.58,0.02178,sparse,0.05,208896,ok
sparse,1789145444,NVIDIA_A30,11050,split,fp32,1,2048,15,3,170.24,170.24,10.95,0.296,930,930,1215,32.8,32.8,31,none,13.0,0.017,0,-1,0.455,0.015,0.020,0.490,95.97,0.04256,sparse,0.1,419840,ok
sparse,1789145444,NVIDIA_A30,11050,split,fp64,1,2048,15,3,214.53,214.53,13.80,0.352,930,930,1215,32.8,32.8,31,none,13.0,0.034,0,-1,0.493,0.014,0.023,0.531,95.58,0.03576,sparse,0.1,419840,ok
sparse,1789145445,NVIDIA_A30,11050,split,fp32,1,2048,15,3,276.13,276.13,17.76,0.456,930,930,1215,33.1,33.1,30,none,13.0,0.017,0,-1,1.111,0.017,0.030,1.159,97.38,0.06903,sparse,0.25,1048576,ok
sparse,1789145445,NVIDIA_A30,11050,split,fp64,1,2048,15,3,288.45,288.45,18.55,0.654,930,930,1215,33.1,33.1,30,none,13.0,0.034,0,-1,0.898,0.013,0.044,0.954,95.43,0.04808,sparse,0.25,1048576,ok
sparse,1789145445,NVIDIA_A30,11050,split,fp32,1,4096,15,3,74.55,74.55,4.79,0.270,930,930,1215,33.1,33.1,30,none,13.0,0.067,0,-1,0.209,0.011,0.018,0.239,92.45,0.01864,sparse,0.01,167936,ok
sparse,1789145445,NVIDIA_A30,11050,split,fp64,1,4096,15,3,96.47,96.47,6.20,0.313,930,930,1215,33.1,33.1,30,none,13.0,0.134,0,-1,0.221,0.017,0.021,0.258,91.91,0.01608,sparse,0.01,167936,ok
sparse,1789145445,NVIDIA_A30,11050,split,fp32,1,4096,15,3,252.96,252.96,16.27,0.398,930,930,1215,33.1,33.1,30,none,13.0,0.067,0,-1,0.797,0.014,0.027,0.837,96.83,0.06324,sparse,0.05,839680,ok
sparse,1789145445,NVIDIA_A30,11050,split,fp64,1,4096,15,3,292.86,292.86,18.83,0.516,930,930,1215,32.8,32.8,30,none,7.0,0.134,0,-1,0.792,0.014,0.034,0.841,95.91,0.04881,sparse,0.05,839680,ok
sparse,1789145445,NVIDIA_A30,11050,split,fp32,1,4096,15,3,357.17,357.17,22.97,0.564,930,930,1215,32.8,32.8,30,none,7.0,0.067,0,-1,1.666,0.015,0.038,1.719,97.81,0.08929,sparse,0.1,1679360,ok
sparse,1789145445,NVIDIA_A30,11050,split,fp64,1,4096,15,3,368.54,368.54,23.70,0.820,930,930,1215,32.8,32.8,30,none,7.0,0.134,0,-1,1.402,0.014,0.055,1.471,96.28,0.06142,sparse,0.1,1679360,ok
sparse,1789145445,NVIDIA_A30,11050,split,fp32,1,4096,15,3,463.26,463.26,29.79,1.086,930,930,1215,33.2,33.2,30,none,7.0,0.067,0,-1,3.621,0.014,0.072,3.707,98.05,0.1158,sparse,0.25,4194304,ok
sparse,1789145445,NVIDIA_A30,11050,split,fp64,1,4096,15,3,435.49,435.49,28.01,1.734,930,930,1215,33.2,33.2,30,none,7.0,0.134,0,-1,3.402,0.015,0.116,3.532,96.73,0.07258,sparse,0.25,4194304,ok
sparse,1789145445,NVIDIA_A30,11050,split,fp32,1,8192,15,3,201.33,201.33,12.95,0.400,930,930,1215,32.7,32.7,31,none,6.0,0.269,0,-1,0.661,0.015,0.027,0.703,96.20,0.05033,sparse,0.01,671744,ok
sparse,1789145445,NVIDIA_A30,11050,split,fp64,1,8192,15,3,226.64,226.64,14.57,0.534,930,930,1215,32.7,32.7,31,none,6.0,0.537,0,-1,0.571,0.015,0.036,0.622,94.29,0.03777,sparse,0.01,671744,ok
sparse,1789145445,NVIDIA_A30,11050,split,fp32,1,8192,15,3,432.53,432.53,27.82,0.932,930,930,1215,32.7,32.7,31,none,6.0,0.269,0,-1,3.095,0.014,0.062,3.171,98.04,0.1081,sparse,0.05,3358720,ok
sparse,1789145445,NVIDIA_A30,11050,split,fp64,1,8192,15,3,406.61,406.61,26.15,1.487,930,930,1215,34.9,34.9,31,none,6.0,0.537,0,-1,2.781,0.016,0.099,2.897,96.58,0.06777,sparse,0.05,3358720,ok
sparse,1789145445,NVIDIA_A30,11050,split,fp32,1,8192,15,3,512.88,512.88,32.98,1.570,930,930,1215,35.9,35.9,30,none,12.0,0.269,0,-1,5.287,0.017,0.105,5.409,98.07,0.1282,sparse,0.1,6709248,ok
sparse,1789145445,NVIDIA_A30,11050,split,fp64,1,8192,15,3,434.39,434.39,27.93,2.780,930,930,1215,35.9,35.9,30,none,12.0,0.537,0,-1,4.801,0.017,0.185,5.003,96.30,0.0724,sparse,0.1,6709248,ok
sparse,1789145445,NVIDIA_A30,11050,split,fp32,1,8192,15,3,556.18,556.18,35.77,3.620,930,930,1215,32.7,32.7,30,none,0.0,0.269,0,-1,44.331,0.019,0.241,44.592,99.46,0.139,sparse,0.25,16777216,ok
sparse,1789145445,NVIDIA_A30,11050,split,fp64,1,8192,15,3,419.03,419.03,26.95,7.207,930,930,1215,33.0,33.0,31,none,0.0,0.537,0,-1,11.212,0.020,0.480,11.713,95.90,0.06984,sparse,0.25,16777216,ok
sparse,1789145446,NVIDIA_A30,11050,split,fp32,1,16384,15,3,349.09,349.09,22.45,0.924,930,930,1215,32.7,32.7,31,none,8.0,1.074,0,-1,2.565,0.022,0.062,2.649,97.68,0.08727,sparse,0.01,2686976,ok
sparse,1789145446,NVIDIA_A30,11050,split,fp64,1,16384,15,3,282.66,282.66,18.18,1.711,930,930,1215,32.7,32.7,31,none,8.0,2.148,0,-1,2.306,0.023,0.114,2.443,95.33,0.04711,sparse,0.01,2686976,ok
sparse,1789145446,NVIDIA_A30,11050,split,fp32,1,16384,15,3,508.07,508.07,32.67,3.169,930,930,1215,32.7,32.7,30,none,17.0,1.074,0,-1,9.758,0.017,0.211,9.986,97.88,0.127,sparse,0.05,13418496,ok
sparse,1789145446,NVIDIA_A30,11050,split,fp64,1,16384,15,3,326.29,326.29,20.98,7.402,930,930,1215,33.4,33.4,30,none,7.0,2.148,0,-1,9.278,0.021,0.493,9.792,94.96,0.05438,sparse,0.05,13418496,ok
sparse,1789145447,NVIDIA_A30,11050,split,fp32,1,16384,15,3,550.88,550.88,35.43,5.846,930,930,1215,32.7,32.7,30,none,0.0,1.074,0,-1,18.091,0.017,0.390,18.498,97.89,0.1377,sparse,0.1,26836992,ok
sparse,1789145447,NVIDIA_A30,11050,split,fp64,1,16384,15,3,350.53,350.53,22.54,13.781,930,930,1215,32.7,32.7,30,none,5.0,2.148,0,-1,17.740,0.023,0.919,18.681,95.08,0.05842,sparse,0.1,26836992,ok
sparse,1789145448,NVIDIA_A30,11050,split,fp32,1,16384,15,3,729.73,729.73,46.93,11.036,930,930,1215,32.8,33.2,30,none,0.0,1.074,0,-1,131.960,0.023,0.736,132.719,99.45,0.1824,sparse,0.25,67108864,ok
sparse,1789145448,NVIDIA_A30,11050,split,fp64,1,16384,15,3,441.96,441.96,28.42,27.332,930,930,1215,32.7,32.7,30,none,0.0,2.148,0,-1,43.574,0.026,1.822,45.422,95.99,0.07366,sparse,0.25,67108864,ok
