tag,ts,host,cudart,mode,precision,gpus,S,iters,warmup,agg_tflops,per_gpu_tflops,agg_gbps,pct_peak_bw,wall_ms,sm_mhz_avg,sm_mhz_max,mem_mhz_avg,power_w_avg,power_w_max,temp_c_max,throttle,util_pct_avg,mem_gb_per_gpu,validated,max_rel_err,h2d_ms,d2h_ms,compute_ms,symbolic_ms,e2e_ms,density_a,nnz_a,density_b,nnz_b,nnz_c,flops_theoretical,status
split,1788874590,Tesla_P100-PCIE-12GB,11050,split,fp32,1,512,10,3,0.000,0.000,0.630,0.041,2.341,1328,1328,715,35.3,35.3,33,none,7.0,0.000,1,-1,0.045,0.000,0.234,0.408,0.280,0.010,2560,0.010,2560,12550,268435.456,ok
split,1788874590,Tesla_P100-PCIE-12GB,11050,split,fp64,1,512,10,3,0.000,0.000,0.620,0.040,3.521,0,0,0,0.0,0.0,0,none,0.0,0.000,1,-1,0.104,0.000,0.352,0.594,0.456,0.010,2560,0.010,2560,12550,268435.456,ok
split,1788874590,Tesla_P100-PCIE-12GB,11050,split,fp32,1,512,10,3,0.002,0.002,4.469,0.287,3.910,0,0,0,0.0,0.0,0,none,0.0,0.000,1,-1,0.138,0.000,0.391,0.685,0.529,0.050,13312,0.050,13312,191059,6710886.400,ok
split,1788874590,Tesla_P100-PCIE-12GB,11050,split,fp64,1,512,10,3,0.002,0.002,7.185,0.462,3.644,0,0,0,0.0,0.0,0,none,0.0,0.000,1,-1,0.091,0.000,0.364,0.541,0.455,0.050,13312,0.050,13312,191059,6710886.400,ok
split,1788874590,Tesla_P100-PCIE-12GB,11050,split,fp32,1,512,10,3,0.005,0.005,5.006,0.322,5.000,0,0,0,0.0,0.0,0,none,0.0,0.001,1,-1,0.133,0.000,0.500,0.721,0.633,0.100,26112,0.100,26112,259925,26843545.600,ok
split,1788874590,Tesla_P100-PCIE-12GB,11050,split,fp64,1,512,10,3,0.005,0.005,7.623,0.490,4.922,0,0,0,0.0,0.0,0,none,0.0,0.001,1,-1,0.101,0.000,0.492,0.709,0.593,0.100,26112,0.100,26112,259925,26843545.600,ok
split,1788874590,Tesla_P100-PCIE-12GB,11050,split,fp32,1,512,10,3,0.011,0.011,2.126,0.137,14.827,1328,1328,715,80.4,90.5,33,none,13.0,0.002,1,-1,0.297,0.000,1.483,1.709,1.780,0.250,65536,0.250,65536,262144,167772160.000,ok
split,1788874590,Tesla_P100-PCIE-12GB,11050,split,fp64,1,512,10,3,0.007,0.007,2.010,0.129,23.503,1328,1328,715,85.3,85.3,33,none,13.0,0.002,1,-1,0.385,0.000,2.350,2.666,2.735,0.250,65536,0.250,65536,262144,167772160.000,ok
split,1788874590,Tesla_P100-PCIE-12GB,11050,split,fp32,1,512,10,3,0.012,0.012,0.756,0.049,55.591,1328,1328,715,107.6,113.5,33,none,40.2,0.003,1,-1,0.591,0.000,5.559,5.874,6.150,0.500,131072,0.500,131072,262144,671088640.000,ok
split,1788874590,Tesla_P100-PCIE-12GB,11050,split,fp64,1,512,10,3,0.009,0.009,0.868,0.056,72.533,1328,1328,715,105.7,108.3,34,none,81.0,0.005,1,-1,3.552,0.000,7.253,8.580,10.806,0.500,131072,0.500,131072,262144,671088640.000,ok
split,1788874590,Tesla_P100-PCIE-12GB,11050,split,fp32,1,1024,10,3,0.001,0.001,3.524,0.227,2.725,1328,1328,715,42.2,42.2,33,none,93.0,0.000,1,-1,0.103,0.000,0.272,9.381,0.376,0.010,10240,0.010,10240,98013,2147483.648,ok
split,1788874590,Tesla_P100-PCIE-12GB,11050,split,fp64,1,1024,10,3,0.001,0.001,3.438,0.221,4.171,0,0,0,0.0,0.0,0,none,0.0,0.000,1,-1,0.126,0.000,0.417,0.903,0.544,0.010,10240,0.010,10240,98013,2147483.648,ok
split,1788874590,Tesla_P100-PCIE-12GB,11050,split,fp32,1,1024,10,3,0.005,0.005,8.326,0.535,10.322,1328,1328,715,55.1,55.1,33,none,93.0,0.001,1,-1,0.279,0.000,1.032,1.458,1.311,0.050,52224,0.050,52224,968264,53687091.200,ok
split,1788874590,Tesla_P100-PCIE-12GB,11050,split,fp64,1,1024,10,3,0.005,0.005,12.490,0.803,10.316,0,0,0,0.0,0.0,0,none,0.0,0.002,1,-1,0.183,0.000,1.032,1.274,1.215,0.050,52224,0.050,52224,968264,53687091.200,ok
split,1788874590,Tesla_P100-PCIE-12GB,11050,split,fp32,1,1024,10,3,0.009,0.009,4.155,0.267,24.163,1328,1328,715,97.8,99.1,34,none,93.0,0.003,1,-1,0.426,0.000,2.416,2.665,2.842,0.100,104448,0.100,104448,1044458,214748364.800,ok
split,1788874590,Tesla_P100-PCIE-12GB,11050,split,fp64,1,1024,10,3,0.007,0.007,4.834,0.311,31.141,1328,1328,715,98.3,101.4,34,none,83.9,0.004,1,-1,0.540,0.000,3.114,3.823,3.654,0.100,104448,0.100,104448,1044458,214748364.800,ok
split,1788874590,Tesla_P100-PCIE-12GB,11050,split,fp32,1,1024,10,3,0.010,0.010,0.892,0.057,141.149,1328,1328,715,111.7,116.5,34,none,85.3,0.006,1,-1,1.183,0.000,14.115,14.535,15.298,0.250,262144,0.250,262144,1048576,1342177280.000,ok
split,1788874591,Tesla_P100-PCIE-12GB,11050,split,fp64,1,1024,10,3,0.007,0.007,0.991,0.064,190.578,1328,1328,715,109.7,114.0,34,none,97.9,0.009,1,-1,3.834,0.000,19.058,25.504,22.892,0.250,262144,0.250,262144,1048576,1342177280.000,ok
split,1788874591,Tesla_P100-PCIE-12GB,11050,split,fp32,1,1024,10,3,0.009,0.009,0.280,0.018,599.240,1328,1328,715,112.8,127.5,35,none,100.0,0.013,1,-1,9.052,0.000,59.924,71.093,68.976,0.500,524288,0.500,524288,1048576,5368709120.000,ok
split,1788874592,Tesla_P100-PCIE-12GB,11050,split,fp64,1,1024,10,3,0.006,0.006,0.303,0.019,830.685,1328,1328,715,106.5,130.3,36,none,100.0,0.019,1,-1,4.449,0.000,83.069,273.967,87.518,0.500,524288,0.500,524288,1048576,5368709120.000,ok
split,1788874593,Tesla_P100-PCIE-12GB,11050,split,fp32,1,2048,10,3,0.000,0.000,1.239,0.080,53.723,1328,1328,715,43.3,44.1,35,none,91.5,0.001,1,-1,4.087,0.000,5.372,7.579,9.460,0.010,40960,0.010,40960,747292,17179869.184,ok
split,1788874593,Tesla_P100-PCIE-12GB,11050,split,fp64,1,2048,10,3,0.000,0.000,1.857,0.119,53.725,1328,1328,715,43.0,43.6,35,none,89.0,0.001,1,-1,3.175,0.000,5.372,7.527,8.547,0.010,40960,0.010,40960,747292,17179869.184,ok
split,1788874594,Tesla_P100-PCIE-12GB,11050,split,fp32,1,2048,10,3,0.008,0.008,6.435,0.414,56.896,1328,1328,715,107.9,112.3,35,none,100.0,0.005,1,-1,2.916,0.000,5.690,5.956,8.606,0.050,208896,0.050,208896,4155634,429496729.600,ok
split,1788874594,Tesla_P100-PCIE-12GB,11050,split,fp64,1,2048,10,3,0.006,0.006,7.603,0.489,72.221,1328,1328,715,109.3,111.1,35,none,94.0,0.008,1,-1,1.015,0.000,7.222,7.547,8.237,0.050,208896,0.050,208896,4155634,429496729.600,ok
split,1788874594,Tesla_P100-PCIE-12GB,11050,split,fp32,1,2048,10,3,0.009,0.009,1.850,0.119,199.848,1328,1328,715,115.4,115.9,36,none,91.3,0.010,1,-1,2.347,0.000,19.985,20.879,22.332,0.100,419840,0.100,419840,3778560,1717986918.400,ok
split,1788874594,Tesla_P100-PCIE-12GB,11050,split,fp64,1,2048,10,3,0.006,0.006,1.986,0.128,279.133,1328,1328,715,108.3,117.5,36,none,98.7,0.015,1,-1,4.287,0.000,27.913,35.361,32.201,0.100,419840,0.100,419840,3778560,1717986918.400,ok
split,1788874595,Tesla_P100-PCIE-12GB,11050,split,fp32,1,2048,10,3,0,0,0,0,0,0,0,0,0,0,0,none,0,0.025,1,0,0,0,0,0,0,0.250,1048576,0.250,1048576,0,0,oom-skip
split,1788874595,Tesla_P100-PCIE-12GB,11050,split,fp64,1,2048,10,3,0,0,0,0,0,0,0,0,0,0,0,none,0,0.038,1,0,0,0,0,0,0,0.250,1048576,0.250,1048576,0,0,oom-skip
split,1788874595,Tesla_P100-PCIE-12GB,11050,split,fp32,1,2048,10,3,0,0,0,0,0,0,0,0,0,0,0,none,0,0.050,1,0,0,0,0,0,0,0.500,2097152,0.500,2097152,0,0,error
split,1788874595,Tesla_P100-PCIE-12GB,11050,split,fp64,1,2048,10,3,0,0,0,0,0,0,0,0,0,0,0,none,0,0.076,1,0,0,0,0,0,0,0.500,2097152,0.500,2097152,0,0,error
split,1788874595,Tesla_P100-PCIE-12GB,11050,split,fp32,1,4096,10,3,0.004,0.004,14.244,0.916,33.718,1328,1328,715,101.7,110.6,35,none,40.0,0.004,0,-1,0.692,0.000,3.372,3.392,4.064,0.010,167936,0.010,167936,5661303,137438953.472,ok
split,1788874595,Tesla_P100-PCIE-12GB,11050,split,fp64,1,4096,10,3,0.004,0.004,21.092,1.356,34.144,1328,1328,715,104.5,110.2,35,none,24.0,0.006,0,-1,0.866,0.000,3.414,3.279,4.280,0.010,167936,0.010,167936,5661303,137438953.472,ok
split,1788874595,Tesla_P100-PCIE-12GB,11050,split,fp32,1,4096,10,3,0.006,0.006,2.546,0.164,554.358,1328,1328,715,115.7,131.0,36,none,100.0,0.020,0,-1,4.410,0.000,55.436,56.007,59.846,0.050,839680,0.050,839680,15953698,3435973836.800,ok
split,1788874596,Tesla_P100-PCIE-12GB,11050,split,fp64,1,4096,10,3,0.004,0.004,2.753,0.177,768.657,1328,1328,715,108.4,130.3,36,none,100.0,0.030,0,-1,9.106,0.000,76.866,176.828,85.971,0.050,839680,0.050,839680,15953698,3435973836.800,ok
split,1788874597,Tesla_P100-PCIE-12GB,11050,split,fp32,1,4096,10,3,0,0,0,0,0,0,0,0,0,0,0,none,0,0.040,0,0,0,0,0,0,0,0.100,1679360,0.100,1679360,0,0,oom-skip
split,1788874597,Tesla_P100-PCIE-12GB,11050,split,fp64,1,4096,10,3,0,0,0,0,0,0,0,0,0,0,0,none,0,0.061,0,0,0,0,0,0,0,0.100,1679360,0.100,1679360,0,0,oom-skip
split,1788874597,Tesla_P100-PCIE-12GB,11050,split,fp32,1,4096,10,3,0,0,0,0,0,0,0,0,0,0,0,none,0,0.101,0,0,0,0,0,0,0,0.250,4194304,0.250,4194304,0,0,error
split,1788874598,Tesla_P100-PCIE-12GB,11050,split,fp64,1,4096,10,3,0,0,0,0,0,0,0,0,0,0,0,none,0,0.151,0,0,0,0,0,0,0,0.250,4194304,0.250,4194304,0,0,error
split,1788874598,Tesla_P100-PCIE-12GB,11050,split,fp32,1,4096,10,3,0,0,0,0,0,0,0,0,0,0,0,none,0,0.201,0,0,0,0,0,0,0,0.500,8388608,0.500,8388608,0,0,error
split,1788874598,Tesla_P100-PCIE-12GB,11050,split,fp64,1,4096,10,3,0,0,0,0,0,0,0,0,0,0,0,none,0,0.302,0,0,0,0,0,0,0,0.500,8388608,0.500,8388608,0,0,error
split,1788874598,Tesla_P100-PCIE-12GB,11050,split,fp32,1,8192,10,3,0.005,0.005,15.254,0.981,204.199,1328,1328,715,124.4,124.9,36,none,62.9,0.016,0,-1,3.576,0.000,20.420,19.671,23.996,0.010,671744,0.010,671744,37578879,1099511627.776,ok
split,1788874598,Tesla_P100-PCIE-12GB,11050,split,fp64,1,8192,10,3,0.004,0.004,16.923,1.088,276.049,1328,1328,715,114.8,120.8,36,none,98.8,0.024,0,-1,3.404,0.000,27.605,25.455,31.009,0.010,671744,0.010,671744,37578879,1099511627.776,ok
split,1788874599,Tesla_P100-PCIE-12GB,11050,split,fp32,1,8192,10,3,0,0,0,0,0,0,0,0,0,0,0,none,0,0.081,0,0,0,0,0,0,0,0.050,3358720,0.050,3358720,0,0,oom-skip
split,1788874599,Tesla_P100-PCIE-12GB,11050,split,fp64,1,8192,10,3,0,0,0,0,0,0,0,0,0,0,0,none,0,0.121,0,0,0,0,0,0,0,0.050,3358720,0.050,3358720,0,0,oom-skip
split,1788874599,Tesla_P100-PCIE-12GB,11050,split,fp32,1,8192,10,3,0,0,0,0,0,0,0,0,0,0,0,none,0,0.161,0,0,0,0,0,0,0,0.100,6709248,0.100,6709248,0,0,error
split,1788874599,Tesla_P100-PCIE-12GB,11050,split,fp64,1,8192,10,3,0,0,0,0,0,0,0,0,0,0,0,none,0,0.242,0,0,0,0,0,0,0,0.100,6709248,0.100,6709248,0,0,error
split,1788874600,Tesla_P100-PCIE-12GB,11050,split,fp32,1,8192,10,3,0,0,0,0,0,0,0,0,0,0,0,none,0,0.403,0,0,0,0,0,0,0,0.250,16777216,0.250,16777216,0,0,error
split,1788874600,Tesla_P100-PCIE-12GB,11050,split,fp64,1,8192,10,3,0,0,0,0,0,0,0,0,0,0,0,none,0,0.604,0,0,0,0,0,0,0,0.250,16777216,0.250,16777216,0,0,error
split,1788874602,Tesla_P100-PCIE-12GB,11050,split,fp32,1,8192,10,3,0,0,0,0,0,0,0,0,0,0,0,none,0,0.805,0,0,0,0,0,0,0,0.500,33554432,0.500,33554432,0,0,error
split,1788874602,Tesla_P100-PCIE-12GB,11050,split,fp64,1,8192,10,3,0,0,0,0,0,0,0,0,0,0,0,none,0,1.208,0,0,0,0,0,0,0,0.500,33554432,0.500,33554432,0,0,error
split,1788874603,Tesla_P100-PCIE-12GB,11050,split,fp32,1,16384,10,3,0,0,0,0,0,0,0,0,0,0,0,none,0,0.065,0,0,0,0,0,0,0,0.010,2686976,0.010,2686976,0,0,oom-skip
split,1788874603,Tesla_P100-PCIE-12GB,11050,split,fp64,1,16384,10,3,0,0,0,0,0,0,0,0,0,0,0,none,0,0.097,0,0,0,0,0,0,0,0.010,2686976,0.010,2686976,0,0,oom-skip
split,1788874603,Tesla_P100-PCIE-12GB,11050,split,fp32,1,16384,10,3,0,0,0,0,0,0,0,0,0,0,0,none,0,0.322,0,0,0,0,0,0,0,0.050,13418496,0.050,13418496,0,0,error
split,1788874603,Tesla_P100-PCIE-12GB,11050,split,fp64,1,16384,10,3,0,0,0,0,0,0,0,0,0,0,0,none,0,0.483,0,0,0,0,0,0,0,0.050,13418496,0.050,13418496,0,0,error
split,1788874605,Tesla_P100-PCIE-12GB,11050,split,fp32,1,16384,10,3,0,0,0,0,0,0,0,0,0,0,0,none,0,0.644,0,0,0,0,0,0,0,0.100,26836992,0.100,26836992,0,0,error
split,1788874605,Tesla_P100-PCIE-12GB,11050,split,fp64,1,16384,10,3,0,0,0,0,0,0,0,0,0,0,0,none,0,0.966,0,0,0,0,0,0,0,0.100,26836992,0.100,26836992,0,0,error
split,1788874608,Tesla_P100-PCIE-12GB,11050,split,fp32,1,16384,10,3,0,0,0,0,0,0,0,0,0,0,0,none,0,1.611,0,0,0,0,0,0,0,0.250,67108864,0.250,67108864,0,0,error
split,1788874608,Tesla_P100-PCIE-12GB,11050,split,fp64,1,16384,10,3,0,0,0,0,0,0,0,0,0,0,0,none,0,2.416,0,0,0,0,0,0,0,0.250,67108864,0.250,67108864,0,0,error
split,1788874615,Tesla_P100-PCIE-12GB,11050,split,fp32,1,16384,10,3,0,0,0,0,0,0,0,0,0,0,0,none,0,3.221,0,0,0,0,0,0,0,0.500,134217728,0.500,134217728,0,0,error
split,1788874615,Tesla_P100-PCIE-12GB,11050,split,fp64,1,16384,10,3,0,0,0,0,0,0,0,0,0,0,0,none,0,4.832,0,0,0,0,0,0,0,0.500,134217728,0.500,134217728,0,0,error
replicas,1788874618,Tesla_P100-PCIE-12GB,11050,replicas,fp32,1,512,10,3,0.000,0.000,0.634,0.041,2.327,1328,1328,715,35.0,35.0,33,none,7.0,0.000,0,-1,0.046,0.000,0.233,0.397,0.278,0.010,2560,0.010,2560,12550,268435.456,ok
replicas,1788874618,Tesla_P100-PCIE-12GB,11050,replicas,fp64,1,512,10,3,0.000,0.000,0.716,0.046,3.049,0,0,0,0.0,0.0,0,none,0.0,0.000,0,-1,0.108,0.000,0.305,0.609,0.413,0.010,2560,0.010,2560,12550,268435.456,ok
replicas,1788874618,Tesla_P100-PCIE-12GB,11050,replicas,fp32,1,512,10,3,0.002,0.002,4.517,0.290,3.869,0,0,0,0.0,0.0,0,none,0.0,0.000,0,-1,0.147,0.000,0.387,0.725,0.534,0.050,13312,0.050,13312,191059,6710886.400,ok
replicas,1788874618,Tesla_P100-PCIE-12GB,11050,replicas,fp64,1,512,10,3,0.002,0.002,7.128,0.458,3.673,0,0,0,0.0,0.0,0,none,0.0,0.000,0,-1,0.098,0.000,0.367,0.564,0.466,0.050,13312,0.050,13312,191059,6710886.400,ok
replicas,1788874618,Tesla_P100-PCIE-12GB,11050,replicas,fp32,1,512,10,3,0.005,0.005,4.910,0.316,5.098,0,0,0,0.0,0.0,0,none,0.0,0.001,0,-1,0.136,0.000,0.510,0.727,0.646,0.100,26112,0.100,26112,259925,26843545.600,ok
replicas,1788874618,Tesla_P100-PCIE-12GB,11050,replicas,fp64,1,512,10,3,0.005,0.005,7.504,0.483,5.000,0,0,0,0.0,0.0,0,none,0.0,0.001,0,-1,0.105,0.000,0.500,0.697,0.605,0.100,26112,0.100,26112,259925,26843545.600,ok
replicas,1788874618,Tesla_P100-PCIE-12GB,11050,replicas,fp32,1,512,10,3,0.011,0.011,2.126,0.137,14.824,1328,1328,715,78.2,78.2,34,none,7.0,0.002,0,-1,0.288,0.000,1.482,1.714,1.770,0.250,65536,0.250,65536,262144,167772160.000,ok
replicas,1788874619,Tesla_P100-PCIE-12GB,11050,replicas,fp64,1,512,10,3,0.008,0.008,2.135,0.137,22.134,1328,1328,715,88.5,91.3,34,none,32.0,0.002,0,-1,0.387,0.000,2.213,2.470,2.601,0.250,65536,0.250,65536,262144,167772160.000,ok
replicas,1788874619,Tesla_P100-PCIE-12GB,11050,replicas,fp32,1,512,10,3,0.012,0.012,0.756,0.049,55.557,1328,1328,715,107.8,112.8,34,none,32.0,0.003,0,-1,0.615,0.000,5.556,5.976,6.171,0.500,131072,0.500,131072,262144,671088640.000,ok
replicas,1788874619,Tesla_P100-PCIE-12GB,11050,replicas,fp64,1,512,10,3,0.009,0.009,0.868,0.056,72.521,1328,1328,715,106.2,108.6,35,none,81.0,0.005,0,-1,3.561,0.000,7.252,8.600,10.813,0.500,131072,0.500,131072,262144,671088640.000,ok
replicas,1788874619,Tesla_P100-PCIE-12GB,11050,replicas,fp32,1,1024,10,3,0.001,0.001,3.445,0.222,2.787,1328,1328,715,42.9,42.9,34,none,81.0,0.000,0,-1,0.112,0.000,0.279,9.362,0.390,0.010,10240,0.010,10240,98013,2147483.648,ok
replicas,1788874619,Tesla_P100-PCIE-12GB,11050,replicas,fp64,1,1024,10,3,0.001,0.001,3.581,0.230,4.005,0,0,0,0.0,0.0,0,none,0.0,0.000,0,-1,0.130,0.000,0.401,0.906,0.530,0.010,10240,0.010,10240,98013,2147483.648,ok
replicas,1788874619,Tesla_P100-PCIE-12GB,11050,replicas,fp32,1,1024,10,3,0.005,0.005,8.182,0.526,10.504,1328,1328,715,64.9,64.9,34,none,90.0,0.001,0,-1,0.275,0.000,1.050,1.413,1.325,0.050,52224,0.050,52224,968264,53687091.200,ok
replicas,1788874619,Tesla_P100-PCIE-12GB,11050,replicas,fp64,1,1024,10,3,0.005,0.005,12.527,0.806,10.286,0,0,0,0.0,0.0,0,none,0.0,0.002,0,-1,0.179,0.000,1.029,1.235,1.208,0.050,52224,0.050,52224,968264,53687091.200,ok
replicas,1788874619,Tesla_P100-PCIE-12GB,11050,replicas,fp32,1,1024,10,3,0.009,0.009,4.125,0.265,24.335,1328,1328,715,95.5,99.2,34,none,90.0,0.003,0,-1,0.423,0.000,2.434,2.714,2.856,0.100,104448,0.100,104448,1044458,214748364.800,ok
replicas,1788874619,Tesla_P100-PCIE-12GB,11050,replicas,fp64,1,1024,10,3,0.007,0.007,4.832,0.311,31.153,1328,1328,715,100.7,103.8,34,none,53.0,0.004,0,-1,0.522,0.000,3.115,3.578,3.637,0.100,104448,0.100,104448,1044458,214748364.800,ok
replicas,1788874619,Tesla_P100-PCIE-12GB,11050,replicas,fp32,1,1024,10,3,0.010,0.010,0.892,0.057,141.211,1328,1328,715,112.4,117.1,35,none,76.6,0.006,0,-1,1.713,0.000,14.121,15.086,15.834,0.250,262144,0.250,262144,1048576,1342177280.000,ok
replicas,1788874619,Tesla_P100-PCIE-12GB,11050,replicas,fp64,1,1024,10,3,0.007,0.007,0.990,0.064,190.689,1328,1328,715,106.4,113.0,35,none,98.2,0.009,0,-1,3.812,0.000,19.069,25.558,22.881,0.250,262144,0.250,262144,1048576,1342177280.000,ok
replicas,1788874620,Tesla_P100-PCIE-12GB,11050,replicas,fp32,1,1024,10,3,0.009,0.009,0.280,0.018,599.176,1328,1328,715,113.1,128.2,36,none,100.0,0.013,0,-1,9.075,0.000,59.918,70.227,68.992,0.500,524288,0.500,524288,1048576,5368709120.000,ok
replicas,1788874621,Tesla_P100-PCIE-12GB,11050,replicas,fp64,1,1024,10,3,0.006,0.006,0.303,0.019,830.993,1328,1328,715,107.1,131.2,36,none,100.0,0.019,0,-1,4.514,0.000,83.099,279.584,87.613,0.500,524288,0.500,524288,1048576,5368709120.000,ok
replicas,1788874622,Tesla_P100-PCIE-12GB,11050,replicas,fp32,1,2048,10,3,0.000,0.000,1.239,0.080,53.723,1328,1328,715,44.3,44.6,36,none,94.9,0.001,0,-1,4.097,0.000,5.372,7.595,9.469,0.010,40960,0.010,40960,747292,17179869.184,ok
replicas,1788874622,Tesla_P100-PCIE-12GB,11050,replicas,fp64,1,2048,10,3,0.000,0.000,1.857,0.119,53.727,1328,1328,715,43.3,43.4,35,none,94.0,0.001,0,-1,3.172,0.000,5.373,10.687,8.545,0.010,40960,0.010,40960,747292,17179869.184,ok
replicas,1788874622,Tesla_P100-PCIE-12GB,11050,replicas,fp32,1,2048,10,3,0.008,0.008,6.431,0.414,56.933,1328,1328,715,109.0,113.3,36,none,100.0,0.005,0,-1,1.302,0.000,5.693,6.331,6.996,0.050,208896,0.050,208896,4155634,429496729.600,ok
replicas,1788874622,Tesla_P100-PCIE-12GB,11050,replicas,fp64,1,2048,10,3,0.006,0.006,7.595,0.488,72.287,1328,1328,715,108.9,111.2,36,none,86.0,0.008,0,-1,0.906,0.000,7.229,7.365,8.135,0.050,208896,0.050,208896,4155634,429496729.600,ok
replicas,1788874622,Tesla_P100-PCIE-12GB,11050,replicas,fp32,1,2048,10,3,0.009,0.009,1.850,0.119,199.889,1328,1328,715,118.5,119.0,36,none,91.7,0.010,0,-1,2.426,0.000,19.989,20.871,22.415,0.100,419840,0.100,419840,3778560,1717986918.400,ok
replicas,1788874623,Tesla_P100-PCIE-12GB,11050,replicas,fp64,1,2048,10,3,0.006,0.006,1.987,0.128,278.972,1328,1328,715,108.5,116.8,36,none,98.9,0.015,0,-1,3.966,0.000,27.897,33.646,31.863,0.100,419840,0.100,419840,3778560,1717986918.400,ok
replicas,1788874623,Tesla_P100-PCIE-12GB,11050,replicas,fp32,1,2048,10,3,0,0,0,0,0,0,0,0,0,0,0,none,0,0.025,0,0,0,0,0,0,0,0.250,1048576,0.250,1048576,0,0,oom-skip
replicas,1788874623,Tesla_P100-PCIE-12GB,11050,replicas,fp64,1,2048,10,3,0,0,0,0,0,0,0,0,0,0,0,none,0,0.038,0,0,0,0,0,0,0,0.250,1048576,0.250,1048576,0,0,oom-skip
replicas,1788874623,Tesla_P100-PCIE-12GB,11050,replicas,fp32,1,2048,10,3,0,0,0,0,0,0,0,0,0,0,0,none,0,0.050,0,0,0,0,0,0,0,0.500,2097152,0.500,2097152,0,0,error
replicas,1788874623,Tesla_P100-PCIE-12GB,11050,replicas,fp64,1,2048,10,3,0,0,0,0,0,0,0,0,0,0,0,none,0,0.076,0,0,0,0,0,0,0,0.500,2097152,0.500,2097152,0,0,error
replicas,1788874624,Tesla_P100-PCIE-12GB,11050,replicas,fp32,1,4096,10,3,0.004,0.004,14.227,0.915,33.757,1328,1328,715,100.8,109.6,36,none,9.0,0.004,0,-1,0.702,0.000,3.376,3.335,4.078,0.010,167936,0.010,167936,5661303,137438953.472,ok
replicas,1788874624,Tesla_P100-PCIE-12GB,11050,replicas,fp64,1,4096,10,3,0.004,0.004,21.158,1.361,34.038,1328,1328,715,105.3,111.9,36,none,9.0,0.006,0,-1,0.834,0.000,3.404,3.286,4.238,0.010,167936,0.010,167936,5661303,137438953.472,ok
replicas,1788874624,Tesla_P100-PCIE-12GB,11050,replicas,fp32,1,4096,10,3,0.006,0.006,2.546,0.164,554.205,1328,1328,715,115.5,132.0,37,none,98.1,0.020,0,-1,4.420,0.000,55.421,55.933,59.840,0.050,839680,0.050,839680,15953698,3435973836.800,ok
replicas,1788874624,Tesla_P100-PCIE-12GB,11050,replicas,fp64,1,4096,10,3,0.004,0.004,2.753,0.177,768.786,1328,1328,715,108.9,129.8,37,none,100.0,0.030,0,-1,9.216,0.000,76.879,177.371,86.095,0.050,839680,0.050,839680,15953698,3435973836.800,ok
replicas,1788874626,Tesla_P100-PCIE-12GB,11050,replicas,fp32,1,4096,10,3,0,0,0,0,0,0,0,0,0,0,0,none,0,0.040,0,0,0,0,0,0,0,0.100,1679360,0.100,1679360,0,0,oom-skip
replicas,1788874626,Tesla_P100-PCIE-12GB,11050,replicas,fp64,1,4096,10,3,0,0,0,0,0,0,0,0,0,0,0,none,0,0.061,0,0,0,0,0,0,0,0.100,1679360,0.100,1679360,0,0,oom-skip
replicas,1788874626,Tesla_P100-PCIE-12GB,11050,replicas,fp32,1,4096,10,3,0,0,0,0,0,0,0,0,0,0,0,none,0,0.101,0,0,0,0,0,0,0,0.250,4194304,0.250,4194304,0,0,error
replicas,1788874626,Tesla_P100-PCIE-12GB,11050,replicas,fp64,1,4096,10,3,0,0,0,0,0,0,0,0,0,0,0,none,0,0.151,0,0,0,0,0,0,0,0.250,4194304,0.250,4194304,0,0,error
replicas,1788874627,Tesla_P100-PCIE-12GB,11050,replicas,fp32,1,4096,10,3,0,0,0,0,0,0,0,0,0,0,0,none,0,0.201,0,0,0,0,0,0,0,0.500,8388608,0.500,8388608,0,0,error
replicas,1788874627,Tesla_P100-PCIE-12GB,11050,replicas,fp64,1,4096,10,3,0,0,0,0,0,0,0,0,0,0,0,none,0,0.302,0,0,0,0,0,0,0,0.500,8388608,0.500,8388608,0,0,error
replicas,1788874627,Tesla_P100-PCIE-12GB,11050,replicas,fp32,1,8192,10,3,0.005,0.005,15.241,0.980,204.362,1328,1328,715,121.2,124.6,37,none,67.1,0.016,0,-1,3.571,0.000,20.436,19.660,24.008,0.010,671744,0.010,671744,37578879,1099511627.776,ok
replicas,1788874627,Tesla_P100-PCIE-12GB,11050,replicas,fp64,1,8192,10,3,0.004,0.004,16.924,1.088,276.046,1328,1328,715,114.7,120.1,37,none,98.3,0.024,0,-1,4.489,0.000,27.605,25.444,32.094,0.010,671744,0.010,671744,37578879,1099511627.776,ok
replicas,1788874628,Tesla_P100-PCIE-12GB,11050,replicas,fp32,1,8192,10,3,0,0,0,0,0,0,0,0,0,0,0,none,0,0.081,0,0,0,0,0,0,0,0.050,3358720,0.050,3358720,0,0,oom-skip
replicas,1788874628,Tesla_P100-PCIE-12GB,11050,replicas,fp64,1,8192,10,3,0,0,0,0,0,0,0,0,0,0,0,none,0,0.121,0,0,0,0,0,0,0,0.050,3358720,0.050,3358720,0,0,oom-skip
replicas,1788874628,Tesla_P100-PCIE-12GB,11050,replicas,fp32,1,8192,10,3,0,0,0,0,0,0,0,0,0,0,0,none,0,0.161,0,0,0,0,0,0,0,0.100,6709248,0.100,6709248,0,0,error
replicas,1788874628,Tesla_P100-PCIE-12GB,11050,replicas,fp64,1,8192,10,3,0,0,0,0,0,0,0,0,0,0,0,none,0,0.242,0,0,0,0,0,0,0,0.100,6709248,0.100,6709248,0,0,error
replicas,1788874629,Tesla_P100-PCIE-12GB,11050,replicas,fp32,1,8192,10,3,0,0,0,0,0,0,0,0,0,0,0,none,0,0.403,0,0,0,0,0,0,0,0.250,16777216,0.250,16777216,0,0,error
replicas,1788874629,Tesla_P100-PCIE-12GB,11050,replicas,fp64,1,8192,10,3,0,0,0,0,0,0,0,0,0,0,0,none,0,0.604,0,0,0,0,0,0,0,0.250,16777216,0.250,16777216,0,0,error
replicas,1788874630,Tesla_P100-PCIE-12GB,11050,replicas,fp32,1,8192,10,3,0,0,0,0,0,0,0,0,0,0,0,none,0,0.805,0,0,0,0,0,0,0,0.500,33554432,0.500,33554432,0,0,error
replicas,1788874631,Tesla_P100-PCIE-12GB,11050,replicas,fp64,1,8192,10,3,0,0,0,0,0,0,0,0,0,0,0,none,0,1.208,0,0,0,0,0,0,0,0.500,33554432,0.500,33554432,0,0,error
replicas,1788874632,Tesla_P100-PCIE-12GB,11050,replicas,fp32,1,16384,10,3,0,0,0,0,0,0,0,0,0,0,0,none,0,0.065,0,0,0,0,0,0,0,0.010,2686976,0.010,2686976,0,0,oom-skip
replicas,1788874632,Tesla_P100-PCIE-12GB,11050,replicas,fp64,1,16384,10,3,0,0,0,0,0,0,0,0,0,0,0,none,0,0.097,0,0,0,0,0,0,0,0.010,2686976,0.010,2686976,0,0,oom-skip
replicas,1788874632,Tesla_P100-PCIE-12GB,11050,replicas,fp32,1,16384,10,3,0,0,0,0,0,0,0,0,0,0,0,none,0,0.322,0,0,0,0,0,0,0,0.050,13418496,0.050,13418496,0,0,error
replicas,1788874632,Tesla_P100-PCIE-12GB,11050,replicas,fp64,1,16384,10,3,0,0,0,0,0,0,0,0,0,0,0,none,0,0.483,0,0,0,0,0,0,0,0.050,13418496,0.050,13418496,0,0,error
replicas,1788874633,Tesla_P100-PCIE-12GB,11050,replicas,fp32,1,16384,10,3,0,0,0,0,0,0,0,0,0,0,0,none,0,0.644,0,0,0,0,0,0,0,0.100,26836992,0.100,26836992,0,0,error
replicas,1788874634,Tesla_P100-PCIE-12GB,11050,replicas,fp64,1,16384,10,3,0,0,0,0,0,0,0,0,0,0,0,none,0,0.966,0,0,0,0,0,0,0,0.100,26836992,0.100,26836992,0,0,error
replicas,1788874637,Tesla_P100-PCIE-12GB,11050,replicas,fp32,1,16384,10,3,0,0,0,0,0,0,0,0,0,0,0,none,0,1.611,0,0,0,0,0,0,0,0.250,67108864,0.250,67108864,0,0,error
replicas,1788874637,Tesla_P100-PCIE-12GB,11050,replicas,fp64,1,16384,10,3,0,0,0,0,0,0,0,0,0,0,0,none,0,2.416,0,0,0,0,0,0,0,0.250,67108864,0.250,67108864,0,0,error
replicas,1788874643,Tesla_P100-PCIE-12GB,11050,replicas,fp32,1,16384,10,3,0,0,0,0,0,0,0,0,0,0,0,none,0,3.221,0,0,0,0,0,0,0,0.500,134217728,0.500,134217728,0,0,error
replicas,1788874644,Tesla_P100-PCIE-12GB,11050,replicas,fp64,1,16384,10,3,0,0,0,0,0,0,0,0,0,0,0,none,0,4.832,0,0,0,0,0,0,0,0.500,134217728,0.500,134217728,0,0,error
