tag,ts,host,cudart,mode,precision,gpus,M,N,K,iters,warmup,agg_tflops,per_gpu_tflops,pct_peak,wall_ms,sm_mhz_avg,sm_mhz_max,mem_mhz_avg,power_w_avg,power_w_max,temp_c_max,throttle,util_pct_avg,mem_gb_per_gpu,fp64_tensor,validated,max_rel_err,h2d_ms,d2h_ms,compute_ms,e2e_ms,h2d_gbps,d2h_gbps,eff_tflops,transfer_pct,engine,density,nnz,status
split,1782461193,node0.a100.isolateedinburgh-pg0.wisc.cloudlab.us,12090,split,fp32,1,512,512,512,15,3,7.52,7.52,38.56,0.536,1095,1095,1215,56.9,56.9,28,none,0.0,0.003,0,1,5.45e-06,0.378,0.060,0.036,0.474,5.5,17.5,0.57,92.5,dense,1,262144,ok
split,1782461193,node0.a100.isolateedinburgh-pg0.wisc.cloudlab.us,12090,split,fp32,2,512,512,512,15,3,9.83,4.92,25.21,0.410,1095,1095,1215,57.6,58.7,28,none,0.0,0.002,0,1,9.73e-06,0.151,0.034,0.026,0.210,10.4,15.6,1.28,87.7,dense,1,262144,ok
split,1782461193,node0.a100.isolateedinburgh-pg0.wisc.cloudlab.us,12090,split,fp32,3,512,512,512,15,3,12.52,4.17,21.41,0.322,1095,1095,1215,57.1,59.1,29,none,0.3,0.002,0,1,9.45e-05,0.618,0.141,0.020,0.779,2.3,2.5,0.34,97.4,dense,1,262144,ok
split,1782461193,node0.a100.isolateedinburgh-pg0.wisc.cloudlab.us,12090,split,fp32,4,512,512,512,15,3,12.33,3.08,15.80,0.327,1095,1095,1215,56.5,57.0,29,none,1.0,0.002,0,1,0.000471,0.466,0.025,0.021,0.513,2.8,10.4,0.52,95.8,dense,1,262144,ok
split,1782461194,node0.a100.isolateedinburgh-pg0.wisc.cloudlab.us,12090,split,fp64,1,512,512,512,15,3,2.46,2.46,25.32,1.639,1095,1095,1215,56.6,56.6,28,none,0.0,0.006,0,1,0,0.812,0.796,0.109,1.717,5.2,2.6,0.16,93.6,dense,1,262144,ok
split,1782461194,node0.a100.isolateedinburgh-pg0.wisc.cloudlab.us,12090,split,fp64,2,512,512,512,15,3,2.49,1.24,12.83,1.618,1095,1095,1215,56.1,56.6,28,none,0.0,0.004,0,1,0,0.747,0.408,0.094,1.249,4.2,2.6,0.21,92.5,dense,1,262144,ok
split,1782461194,node0.a100.isolateedinburgh-pg0.wisc.cloudlab.us,12090,split,fp64,3,512,512,512,15,3,2.86,0.95,9.84,1.406,1095,1095,1215,56.2,56.6,29,none,1.3,0.003,0,1,0,0.773,0.277,0.093,1.144,3.6,2.5,0.23,91.8,dense,1,262144,ok
split,1782461194,node0.a100.isolateedinburgh-pg0.wisc.cloudlab.us,12090,split,fp64,4,512,512,512,15,3,2.86,0.71,7.37,1.408,1095,1095,1215,55.7,56.6,29,none,1.0,0.003,0,1,0,0.679,0.396,0.094,1.168,3.9,1.3,0.23,92.0,dense,1,262144,ok
split,1782461194,node0.a100.isolateedinburgh-pg0.wisc.cloudlab.us,12090,split,bf16,1,512,512,512,15,3,26.21,26.21,8.40,0.154,1095,1095,1215,58.4,58.4,28,none,0.0,0.002,0,1,2.32e-06,0.192,0.066,0.010,0.268,5.5,15.9,1.00,96.2,dense,1,262144,ok
split,1782461194,node0.a100.isolateedinburgh-pg0.wisc.cloudlab.us,12090,split,bf16,2,512,512,512,15,3,27.12,13.56,4.35,0.148,1095,1095,1215,58.0,58.4,28,none,0.5,0.001,0,1,2.23e-05,0.168,0.075,0.010,0.253,4.7,7.0,1.06,96.1,dense,1,262144,ok
split,1782461194,node0.a100.isolateedinburgh-pg0.wisc.cloudlab.us,12090,split,bf16,3,512,512,512,15,3,26.57,8.86,2.84,0.152,1095,1095,1215,57.3,58.4,29,none,0.3,0.001,0,1,2.58e-05,0.163,0.143,0.010,0.316,4.3,2.4,0.85,96.9,dense,1,262144,ok
split,1782461194,node0.a100.isolateedinburgh-pg0.wisc.cloudlab.us,12090,split,bf16,4,512,512,512,15,3,26.04,6.51,2.09,0.155,1095,1095,1215,56.6,58.4,29,none,1.0,0.001,0,1,2.25e-05,0.147,0.214,0.010,0.372,4.4,1.2,0.72,97.2,dense,1,262144,ok
split,1782461194,node0.a100.isolateedinburgh-pg0.wisc.cloudlab.us,12090,split,fp32,1,1024,1024,1024,15,3,12.96,12.96,66.44,2.486,0,0,0,0.0,0.0,0,none,0.0,0.013,0,1,4.64e-05,1.760,0.194,0.166,2.120,4.8,21.6,1.01,92.2,dense,1,1048576,ok
split,1782461194,node0.a100.isolateedinburgh-pg0.wisc.cloudlab.us,12090,split,fp32,2,1024,1024,1024,15,3,20.49,10.25,52.55,1.572,1095,1095,1215,56.3,57.1,28,none,0.5,0.008,0,1,1.35e-05,0.838,0.102,0.105,1.044,7.5,20.6,2.06,90.0,dense,1,1048576,ok
split,1782461194,node0.a100.isolateedinburgh-pg0.wisc.cloudlab.us,12090,split,fp32,3,1024,1024,1024,15,3,28.16,9.39,48.14,1.144,1095,1095,1215,56.2,57.1,29,none,0.3,0.007,0,1,0.00155,1.779,0.540,0.076,2.396,3.1,2.6,0.90,96.8,dense,1,1048576,ok
split,1782461194,node0.a100.isolateedinburgh-pg0.wisc.cloudlab.us,12090,split,fp32,4,1024,1024,1024,15,3,34.19,8.55,43.84,0.942,1095,1095,1215,55.7,57.1,29,none,1.0,0.006,0,1,0.000772,2.167,0.611,0.063,2.840,2.4,1.7,0.76,97.8,dense,1,1048576,ok
split,1782461194,node0.a100.isolateedinburgh-pg0.wisc.cloudlab.us,12090,split,fp64,1,1024,1024,1024,15,3,4.07,4.07,42.00,7.907,1095,1095,1215,57.1,57.1,28,none,0.0,0.025,0,1,0,3.718,0.379,0.527,4.624,4.5,22.1,0.46,88.6,dense,1,1048576,ok
split,1782461194,node0.a100.isolateedinburgh-pg0.wisc.cloudlab.us,12090,split,fp64,2,1024,1024,1024,15,3,6.70,3.35,34.54,4.807,1095,1095,1215,69.6,75.9,29,none,10.5,0.017,0,1,0,2.867,0.193,0.320,3.380,4.4,21.7,0.64,90.5,dense,1,1048576,ok
split,1782461194,node0.a100.isolateedinburgh-pg0.wisc.cloudlab.us,12090,split,fp64,3,1024,1024,1024,15,3,6.73,2.24,23.13,4.785,1095,1095,1215,66.2,75.9,29,none,9.6,0.014,0,1,0,3.744,1.087,0.210,5.041,3.0,2.6,0.43,95.8,dense,1,1048576,ok
split,1782461194,node0.a100.isolateedinburgh-pg0.wisc.cloudlab.us,12090,split,fp64,4,1024,1024,1024,15,3,10.31,2.58,26.58,3.123,1095,1095,1215,60.6,72.8,29,none,8.0,0.013,0,1,0,4.376,1.063,0.208,5.647,2.4,2.0,0.38,96.3,dense,1,1048576,ok
split,1782461194,node0.a100.isolateedinburgh-pg0.wisc.cloudlab.us,12090,split,bf16,1,1024,1024,1024,15,3,87.14,87.14,27.93,0.370,0,0,0,0.0,0.0,0,none,0.0,0.008,0,1,4.36e-05,0.848,0.231,0.025,1.104,4.9,18.2,1.95,97.8,dense,1,1048576,ok
split,1782461194,node0.a100.isolateedinburgh-pg0.wisc.cloudlab.us,12090,split,bf16,2,1024,1024,1024,15,3,137.37,68.68,22.01,0.234,0,0,0,0.0,0.0,0,none,0.0,0.005,0,1,4.15e-05,0.645,0.140,0.016,0.801,4.9,15.0,2.68,98.0,dense,1,1048576,ok
split,1782461194,node0.a100.isolateedinburgh-pg0.wisc.cloudlab.us,12090,split,bf16,3,1024,1024,1024,15,3,148.38,49.46,15.85,0.217,0,0,0,0.0,0.0,0,none,0.0,0.004,0,1,0.00554,0.771,0.553,0.014,1.339,3.6,2.5,1.60,98.9,dense,1,1048576,ok
split,1782461194,node0.a100.isolateedinburgh-pg0.wisc.cloudlab.us,12090,split,bf16,4,1024,1024,1024,15,3,148.38,37.10,11.89,0.217,1095,1095,1215,61.0,62.5,29,none,5.5,0.004,0,1,0.00014,0.735,0.415,0.013,1.163,3.6,2.5,1.85,98.9,dense,1,1048576,ok
split,1782461194,node0.a100.isolateedinburgh-pg0.wisc.cloudlab.us,12090,split,fp32,1,2048,2048,2048,15,3,13.80,13.80,70.77,18.674,1095,1095,1215,57.9,57.9,28,none,15.0,0.050,0,1,9.37e-05,2.738,0.742,1.245,4.724,12.3,22.6,3.64,73.6,dense,1,4194304,ok
split,1782461194,node0.a100.isolateedinburgh-pg0.wisc.cloudlab.us,12090,split,fp32,2,2048,2048,2048,15,3,28.08,14.04,71.99,9.178,1095,1095,1215,57.0,57.9,28,none,15.5,0.034,0,1,2.74e-05,2.480,0.381,0.611,3.473,10.1,22.0,4.95,82.4,dense,1,4194304,ok
split,1782461194,node0.a100.isolateedinburgh-pg0.wisc.cloudlab.us,12090,split,fp32,3,2048,2048,2048,15,3,38.83,12.94,66.38,6.637,1095,1095,1215,85.2,144.4,30,none,14.6,0.028,0,1,0.000248,2.260,0.662,0.442,3.365,9.9,8.4,5.11,86.9,dense,1,4194304,ok
split,1782461194,node0.a100.isolateedinburgh-pg0.wisc.cloudlab.us,12090,split,fp32,4,2048,2048,2048,15,3,54.61,13.65,70.02,4.719,1095,1095,1215,77.5,144.4,30,none,11.8,0.025,0,1,4.6e-05,2.162,0.210,0.315,2.687,9.7,20.0,6.39,88.3,dense,1,4194304,ok
split,1782461195,node0.a100.isolateedinburgh-pg0.wisc.cloudlab.us,12090,split,fp64,1,2048,2048,2048,15,3,4.98,4.98,51.32,51.763,1095,1095,1215,90.5,90.5,29,none,22.0,0.101,0,1,0,4.123,1.686,3.451,9.260,16.3,19.9,1.86,62.7,dense,1,4194304,ok
split,1782461195,node0.a100.isolateedinburgh-pg0.wisc.cloudlab.us,12090,split,fp64,2,2048,2048,2048,15,3,9.13,4.56,47.05,28.231,1102,1110,1215,64.2,164.2,30,none,22.5,0.067,0,1,0,3.537,0.742,1.882,6.161,14.2,22.6,2.79,69.5,dense,1,4194304,ok
split,1782461195,node0.a100.isolateedinburgh-pg0.wisc.cloudlab.us,12090,split,fp64,3,2048,2048,2048,15,3,11.69,3.90,40.17,22.044,1100,1110,1215,66.2,71.5,29,none,17.3,0.056,0,1,0,5.486,0.517,1.469,7.472,8.2,21.6,2.30,80.3,dense,1,4194304,ok
split,1782461195,node0.a100.isolateedinburgh-pg0.wisc.cloudlab.us,12090,split,fp64,4,2048,2048,2048,15,3,16.36,4.09,42.17,15.748,1099,1110,1215,73.5,116.5,30,none,13.8,0.050,0,1,0,10.540,1.210,1.048,12.798,4.0,6.9,1.34,91.8,dense,1,4194304,ok
split,1782461195,node0.a100.isolateedinburgh-pg0.wisc.cloudlab.us,12090,split,bf16,1,2048,2048,2048,15,3,121.46,121.46,38.93,2.122,1110,1110,1215,57.4,57.4,29,none,24.0,0.034,0,1,4.54e-05,1.089,4.274,0.141,5.505,15.4,3.9,3.12,97.4,dense,1,4194304,ok
split,1782461195,node0.a100.isolateedinburgh-pg0.wisc.cloudlab.us,12090,split,bf16,2,2048,2048,2048,15,3,238.54,119.27,38.23,1.080,1102,1110,1215,58.8,59.5,29,none,26.5,0.021,0,1,0.000103,0.898,0.839,0.072,1.809,14.0,10.0,9.50,96.0,dense,1,4194304,ok
split,1782461195,node0.a100.isolateedinburgh-pg0.wisc.cloudlab.us,12090,split,bf16,3,2048,2048,2048,15,3,403.30,134.43,43.09,0.639,1100,1110,1215,64.4,73.6,30,none,25.0,0.017,0,1,0.000719,3.648,0.314,0.043,4.005,3.1,17.8,4.29,98.9,dense,1,4194304,ok
split,1782461195,node0.a100.isolateedinburgh-pg0.wisc.cloudlab.us,12090,split,bf16,4,2048,2048,2048,15,3,422.96,105.74,33.89,0.609,1099,1110,1215,57.9,61.3,30,none,19.5,0.015,0,1,7.45e-05,1.056,0.410,0.040,1.507,9.9,10.2,11.40,97.3,dense,1,4194304,ok
split,1782461195,node0.a100.isolateedinburgh-pg0.wisc.cloudlab.us,12090,split,fp32,1,4096,4096,4096,15,3,15.01,15.01,76.99,137.328,1110,1110,1215,112.1,184.1,32,none,11.0,0.201,0,0,-1,6.974,2.922,9.155,19.051,19.2,23.0,7.21,51.9,dense,1,16777216,ok
split,1782461196,node0.a100.isolateedinburgh-pg0.wisc.cloudlab.us,12090,split,fp32,2,4096,4096,4096,15,3,29.41,14.71,75.42,70.088,1126,1410,1215,131.5,239.0,35,none,7.4,0.134,0,0,-1,18.610,3.239,4.673,26.522,5.4,10.4,5.18,82.4,dense,1,16777216,ok
split,1782461196,node0.a100.isolateedinburgh-pg0.wisc.cloudlab.us,12090,split,fp32,3,4096,4096,4096,15,3,42.54,14.18,72.71,48.465,1255,1410,1215,77.4,239.0,35,none,31.5,0.112,0,0,-1,14.013,0.840,2.663,17.516,6.4,26.6,7.85,84.8,dense,1,16777216,ok
split,1782461196,node0.a100.isolateedinburgh-pg0.wisc.cloudlab.us,12090,split,fp32,4,4096,4096,4096,15,3,57.84,14.46,74.15,35.644,1244,1410,1215,112.7,188.4,33,none,27.3,0.101,0,0,-1,15.859,0.784,2.192,18.835,5.3,21.4,7.30,88.4,dense,1,16777216,ok
split,1782461196,node0.a100.isolateedinburgh-pg0.wisc.cloudlab.us,12090,split,fp64,1,4096,4096,4096,15,3,6.68,6.68,68.86,308.649,1410,1410,1215,285.3,349.8,41,none,33.1,0.403,0,0,-1,13.621,4.970,20.577,39.168,19.7,27.0,3.51,47.5,dense,1,16777216,ok
split,1782461197,node0.a100.isolateedinburgh-pg0.wisc.cloudlab.us,12090,split,fp64,2,4096,4096,4096,15,3,13.05,6.53,67.27,157.968,1410,1410,1215,226.9,321.8,38,none,17.7,0.268,0,0,-1,11.192,2.513,10.531,24.236,18.0,26.7,5.67,56.5,dense,1,16777216,ok
split,1782461197,node0.a100.isolateedinburgh-pg0.wisc.cloudlab.us,12090,split,fp64,3,4096,4096,4096,15,3,16.50,5.50,56.71,124.931,1329,1410,1215,180.6,277.7,34,none,14.4,0.224,0,0,-1,14.049,7.239,7.039,28.326,12.7,6.2,4.85,75.2,dense,1,16777216,ok
split,1782461198,node0.a100.isolateedinburgh-pg0.wisc.cloudlab.us,12090,split,fp64,4,4096,4096,4096,15,3,21.51,5.38,55.44,95.837,1321,1410,1215,128.1,248.6,33,none,7.6,0.201,0,0,-1,17.322,7.695,5.391,30.409,9.7,4.4,4.52,82.3,dense,1,16777216,ok
split,1782461198,node0.a100.isolateedinburgh-pg0.wisc.cloudlab.us,12090,split,bf16,1,4096,4096,4096,15,3,264.97,264.97,84.93,7.780,1410,1410,1215,71.5,71.5,31,none,41.0,0.134,0,0,-1,5.018,2.851,0.519,8.388,13.4,23.5,16.39,93.8,dense,1,16777216,ok
split,1782461198,node0.a100.isolateedinburgh-pg0.wisc.cloudlab.us,12090,split,bf16,2,4096,4096,4096,15,3,440.64,220.32,70.61,4.679,1410,1410,1215,71.8,72.5,31,none,10.5,0.084,0,0,-1,3.623,1.298,0.312,5.233,13.9,25.9,26.26,94.0,dense,1,16777216,ok
split,1782461199,node0.a100.isolateedinburgh-pg0.wisc.cloudlab.us,12090,split,bf16,3,4096,4096,4096,15,3,651.33,217.11,69.59,3.165,1410,1410,1215,89.6,107.9,32,none,9.7,0.067,0,0,-1,6.680,1.034,0.210,7.923,6.7,21.6,17.35,97.3,dense,1,16777216,ok
split,1782461199,node0.a100.isolateedinburgh-pg0.wisc.cloudlab.us,12090,split,bf16,4,4096,4096,4096,15,3,647.35,161.84,51.87,3.185,1402,1410,1215,70.3,72.9,31,none,4.8,0.059,0,0,-1,6.455,0.648,0.212,7.315,6.5,25.9,18.79,97.1,dense,1,16777216,ok
split,1782461199,node0.a100.isolateedinburgh-pg0.wisc.cloudlab.us,12090,split,fp32,1,8192,8192,8192,15,3,19.18,19.18,98.36,859.897,1410,1410,1215,300.5,311.2,44,none,83.7,0.805,0,0,-1,28.212,10.094,57.326,95.632,19.0,26.6,11.50,40.1,dense,1,67108864,ok
split,1782461201,node0.a100.isolateedinburgh-pg0.wisc.cloudlab.us,12090,split,fp32,2,8192,8192,8192,15,3,35.76,17.88,91.70,461.174,1348,1410,1215,217.2,310.4,44,none,68.6,0.537,0,0,-1,45.156,4.980,28.658,78.793,8.9,27.0,13.95,63.6,dense,1,67108864,ok
split,1782461201,node0.a100.isolateedinburgh-pg0.wisc.cloudlab.us,12090,split,fp32,3,8192,8192,8192,15,3,49.56,16.52,84.72,332.766,1333,1410,1215,260.4,337.5,44,none,52.9,0.447,0,0,-1,29.800,14.097,22.184,66.082,12.0,6.3,16.64,66.4,dense,1,67108864,ok
split,1782461202,node0.a100.isolateedinburgh-pg0.wisc.cloudlab.us,12090,split,fp32,4,8192,8192,8192,15,3,65.55,16.39,84.04,251.610,1345,1410,1215,192.5,338.9,42,none,45.6,0.403,0,0,-1,35.645,12.227,14.364,62.235,9.4,5.5,17.67,76.9,dense,1,67108864,ok
split,1782461202,node0.a100.isolateedinburgh-pg0.wisc.cloudlab.us,12090,split,fp64,1,8192,8192,8192,15,3,6.78,6.78,69.90,2432.555,1410,1410,1215,363.4,366.2,49,none,100.0,1.611,0,0,-1,51.616,20.162,162.170,233.949,20.8,26.6,4.70,30.7,dense,1,67108864,ok
split,1782461207,node0.a100.isolateedinburgh-pg0.wisc.cloudlab.us,12090,split,fp64,2,8192,8192,8192,15,3,13.44,6.72,69.28,1227.059,1409,1410,1215,341.6,371.8,49,none,94.6,1.074,0,0,-1,37.681,10.037,81.804,129.522,21.4,26.7,8.49,36.8,dense,1,67108864,ok
split,1782461210,node0.a100.isolateedinburgh-pg0.wisc.cloudlab.us,12090,split,fp64,3,8192,8192,8192,15,3,19.96,6.65,68.60,826.223,1408,1410,1215,347.2,362.7,48,none,85.4,0.895,0,0,-1,52.130,9.577,54.837,116.544,13.7,18.7,9.43,52.9,dense,1,67108864,ok
split,1782461212,node0.a100.isolateedinburgh-pg0.wisc.cloudlab.us,12090,split,fp64,4,8192,8192,8192,15,3,26.64,6.66,68.66,619.096,1410,1410,1215,333.3,367.5,47,none,75.4,0.805,0,0,-1,63.888,16.486,41.273,121.647,10.5,8.1,9.04,66.1,dense,1,67108864,ok
split,1782461214,node0.a100.isolateedinburgh-pg0.wisc.cloudlab.us,12090,split,bf16,1,8192,8192,8192,15,3,284.14,284.14,91.07,58.044,1410,1410,1215,72.5,72.8,36,none,12.0,0.537,0,0,-1,15.204,9.933,3.870,29.007,17.7,27.0,37.90,86.7,dense,1,67108864,ok
split,1782461215,node0.a100.isolateedinburgh-pg0.wisc.cloudlab.us,12090,split,bf16,2,8192,8192,8192,15,3,557.96,278.98,89.42,29.559,1410,1410,1215,72.2,72.5,34,none,6.5,0.336,0,0,-1,10.573,5.341,1.965,17.879,19.0,25.1,61.50,89.0,dense,1,67108864,ok
split,1782461215,node0.a100.isolateedinburgh-pg0.wisc.cloudlab.us,12090,split,bf16,3,8192,8192,8192,15,3,619.42,206.47,66.18,26.626,1299,1410,1215,70.9,72.2,33,none,10.0,0.268,0,0,-1,14.767,13.700,1.775,30.242,12.1,6.5,36.36,94.1,dense,1,67108864,ok
split,1782461216,node0.a100.isolateedinburgh-pg0.wisc.cloudlab.us,12090,split,bf16,4,8192,8192,8192,15,3,860.83,215.21,68.98,19.159,1161,1410,1215,59.1,72.1,33,none,5.7,0.235,0,0,-1,16.739,11.040,1.275,29.054,10.0,6.1,37.84,95.6,dense,1,67108864,ok
split,1782461218,node0.a100.isolateedinburgh-pg0.wisc.cloudlab.us,12090,split,fp32,1,16384,16384,16384,15,3,19.08,19.08,97.85,6914.888,1410,1410,1215,342.9,350.1,53,none,100.0,3.221,0,0,-1,99.423,41.434,460.993,601.850,21.6,25.9,14.62,23.4,dense,1,268435456,ok
split,1782461227,node0.a100.isolateedinburgh-pg0.wisc.cloudlab.us,12090,split,fp32,2,16384,16384,16384,15,3,38.06,19.03,97.60,3466.477,1410,1410,1215,336.4,345.2,54,none,99.5,2.147,0,0,-1,135.657,19.932,230.883,386.472,11.9,26.9,22.76,40.3,dense,1,268435456,ok
split,1782461232,node0.a100.isolateedinburgh-pg0.wisc.cloudlab.us,12090,split,fp32,3,16384,16384,16384,15,3,57.00,19.00,97.43,2314.809,1410,1410,1215,336.1,351.8,54,none,99.1,1.790,0,0,-1,100.020,39.261,154.112,293.393,14.3,9.1,29.98,47.5,dense,1,268435456,ok
split,1782461236,node0.a100.isolateedinburgh-pg0.wisc.cloudlab.us,12090,split,fp32,4,16384,16384,16384,15,3,76.54,19.13,98.12,1723.909,1410,1410,1215,327.3,339.9,54,none,99.4,1.611,0,0,-1,121.039,20.927,114.739,256.705,11.1,12.8,34.27,55.3,dense,1,268435456,ok
split,1782461239,node0.a100.isolateedinburgh-pg0.wisc.cloudlab.us,12090,split,fp64,1,16384,16384,16384,15,3,6.80,6.80,70.15,19391.387,1410,1410,1215,380.3,386.8,59,none,100.0,6.442,0,0,-1,206.719,81.716,1292.759,1581.193,20.8,26.3,5.56,18.2,dense,1,268435456,ok
split,1782461268,node0.a100.isolateedinburgh-pg0.wisc.cloudlab.us,12090,split,fp64,2,16384,16384,16384,15,3,13.54,6.77,69.81,9742.149,1410,1410,1215,371.1,383.9,59,none,99.9,4.295,0,0,-1,153.920,41.700,649.477,845.097,20.9,25.7,10.41,23.1,dense,1,268435456,ok
split,1782461285,node0.a100.isolateedinburgh-pg0.wisc.cloudlab.us,12090,split,fp64,3,16384,16384,16384,15,3,20.25,6.75,69.59,6515.508,1410,1410,1215,368.4,382.4,58,none,99.7,3.579,0,0,-1,201.592,32.863,433.557,668.012,14.2,21.8,13.17,35.1,dense,1,268435456,ok
split,1782461298,node0.a100.isolateedinburgh-pg0.wisc.cloudlab.us,12090,split,fp64,4,16384,16384,16384,15,3,27.01,6.75,69.61,4885.243,1410,1410,1215,360.8,381.1,57,none,99.5,3.221,0,0,-1,247.823,28.494,325.428,601.745,10.8,18.8,14.62,45.9,dense,1,268435456,ok
split,1782461309,node0.a100.isolateedinburgh-pg0.wisc.cloudlab.us,12090,split,bf16,1,16384,16384,16384,15,3,273.26,273.26,87.58,482.842,1283,1305,1215,328.2,412.1,54,sw_pwr,66.7,2.147,0,0,-1,52.345,40.756,32.189,125.291,20.5,26.3,70.21,74.3,dense,1,268435456,ok
split,1782461312,node0.a100.isolateedinburgh-pg0.wisc.cloudlab.us,12090,split,bf16,2,16384,16384,16384,15,3,491.07,245.54,78.70,268.680,1173,1290,1215,308.8,410.1,51,sw_pwr,21.8,1.342,0,0,-1,40.838,20.874,17.912,79.623,19.7,25.7,110.47,77.5,dense,1,268435456,ok
split,1782461314,node0.a100.isolateedinburgh-pg0.wisc.cloudlab.us,12090,split,bf16,3,16384,16384,16384,15,3,691.54,230.51,73.88,190.795,1169,1350,1215,155.3,430.4,45,sw_pwr,18.3,1.074,0,0,-1,51.334,38.987,12.720,103.041,13.9,9.2,85.37,87.7,dense,1,268435456,ok
split,1782461316,node0.a100.isolateedinburgh-pg0.wisc.cloudlab.us,12090,split,bf16,4,16384,16384,16384,15,3,1078.59,269.65,86.43,122.328,1327,1410,1215,83.1,477.2,44,sw_pwr,1.9,0.940,0,0,-1,60.676,28.355,8.155,97.186,11.1,9.5,90.51,91.6,dense,1,268435456,ok
split,1782461324,node0.a100.isolateedinburgh-pg0.wisc.cloudlab.us,12090,split,fp32,1,32768,32768,32768,15,3,18.44,18.44,94.58,57233.441,1410,1410,1215,393.0,404.0,64,none,100.0,12.885,0,0,-1,373.335,182.983,3815.563,4371.881,23.0,23.5,16.10,12.7,dense,1,1073741824,ok
split,1782461396,node0.a100.isolateedinburgh-pg0.wisc.cloudlab.us,12090,split,fp32,2,32768,32768,32768,15,3,38.31,19.15,98.22,27554.428,1410,1410,1215,302.7,313.6,57,none,99.5,8.590,0,0,-1,541.714,93.598,1834.969,2470.280,11.9,22.9,28.49,25.7,dense,1,1073741824,ok
split,1782461433,node0.a100.isolateedinburgh-pg0.wisc.cloudlab.us,12090,split,fp32,3,32768,32768,32768,15,3,57.34,19.11,98.02,18406.818,1410,1410,1215,352.8,381.6,61,none,98.9,7.158,0,0,-1,509.133,63.485,1227.121,1799.739,11.2,22.6,39.10,31.8,dense,1,1073741824,ok
split,1782461459,node0.a100.isolateedinburgh-pg0.wisc.cloudlab.us,12090,split,fp32,4,32768,32768,32768,15,3,76.62,19.15,98.23,13776.949,1410,1410,1215,298.1,314.6,59,none,99.0,6.442,0,0,-1,467.874,112.799,917.670,1498.343,11.5,9.5,46.96,38.8,dense,1,1073741824,ok
split,1782461479,node0.a100.isolateedinburgh-pg0.wisc.cloudlab.us,12090,split,fp64,1,32768,32768,32768,15,3,6.79,6.79,69.95,155557.391,1410,1410,1215,397.8,400.6,65,sw_pwr,100.0,25.770,0,0,-1,706.476,356.432,10370.493,11433.401,24.3,24.1,6.15,9.3,dense,1,1073741824,ok
split,1782461688,node0.a100.isolateedinburgh-pg0.wisc.cloudlab.us,12090,split,fp64,2,32768,32768,32768,15,3,13.52,6.76,69.68,78085.672,1410,1410,1215,390.7,401.6,63,sw_pwr,100.0,17.180,0,0,-1,599.983,190.521,5205.711,5996.215,21.5,22.5,11.74,13.2,dense,1,1073741824,ok
split,1782461803,node0.a100.isolateedinburgh-pg0.wisc.cloudlab.us,12090,split,fp64,3,32768,32768,32768,15,3,20.22,6.74,69.49,52198.582,1410,1410,1215,388.3,410.1,69,sw_pwr,99.8,14.317,0,0,-1,781.928,166.581,3479.905,4428.414,14.6,17.2,15.89,21.4,dense,1,1073741824,ok
split,1782461887,node0.a100.isolateedinburgh-pg0.wisc.cloudlab.us,12090,split,fp64,4,32768,32768,32768,15,3,27.05,6.76,69.72,39017.445,1410,1410,1215,382.0,404.1,70,sw_pwr,99.3,12.885,0,0,-1,968.743,230.595,2585.930,3785.268,11.1,9.3,18.59,31.7,dense,1,1073741824,ok
split,1782461955,node0.a100.isolateedinburgh-pg0.wisc.cloudlab.us,12090,split,bf16,1,32768,32768,32768,15,3,251.94,251.94,80.75,4189.680,1214,1260,1215,396.3,442.1,60,sw_pwr,100.0,8.590,0,0,-1,192.359,184.182,279.312,655.853,22.3,23.3,107.29,57.4,dense,1,1073741824,ok
split,1782461967,node0.a100.isolateedinburgh-pg0.wisc.cloudlab.us,12090,split,bf16,2,32768,32768,32768,15,3,511.49,255.75,81.97,2063.637,1237,1275,1215,399.0,434.1,58,sw_pwr,99.9,5.369,0,0,-1,158.915,93.577,136.412,388.905,20.3,22.9,180.94,64.9,dense,1,1073741824,ok
split,1782461977,node0.a100.isolateedinburgh-pg0.wisc.cloudlab.us,12090,split,bf16,3,32768,32768,32768,15,3,766.39,255.46,81.88,1377.271,1247,1290,1215,401.7,439.2,56,sw_pwr,99.3,4.295,0,0,-1,198.799,62.001,91.506,352.305,14.4,23.1,199.74,74.0,dense,1,1073741824,ok
split,1782461985,node0.a100.isolateedinburgh-pg0.wisc.cloudlab.us,12090,split,bf16,4,32768,32768,32768,15,3,1044.32,261.08,83.68,1010.734,1257,1290,1215,399.1,451.1,54,sw_pwr,98.5,3.758,0,0,-1,246.757,75.247,66.701,388.705,10.9,14.3,181.03,82.8,dense,1,1073741824,ok
split,1782462016,node0.a100.isolateedinburgh-pg0.wisc.cloudlab.us,12090,split,fp32,1,65536,65536,65536,15,3,0,0,0,0,0,0,0,0,0,0,none,0,51.540,0,0,-1,0,0,0,0,0,0,0,0,dense,1,4294967296,oom-skip
split,1782462016,node0.a100.isolateedinburgh-pg0.wisc.cloudlab.us,12090,split,fp32,2,65536,65536,65536,15,3,36.87,18.44,94.55,229003.484,1410,1410,1215,394.9,406.3,66,sw_pwr,100.0,34.360,0,0,-1,1217.759,355.086,15266.899,16839.744,21.2,24.2,33.43,9.3,dense,1,4294967296,ok
split,1782462304,node0.a100.isolateedinburgh-pg0.wisc.cloudlab.us,12090,split,fp32,3,65536,65536,65536,15,3,54.93,18.31,93.90,153723.609,1404,1410,1215,394.3,419.1,72,sw_pwr,99.8,28.633,0,0,-1,1542.874,388.455,10248.241,12179.569,14.8,14.7,46.22,15.9,dense,1,4294967296,ok
split,1782462503,node0.a100.isolateedinburgh-pg0.wisc.cloudlab.us,12090,split,fp32,4,65536,65536,65536,15,3,67.47,16.87,86.50,125149.484,1350,1410,1215,396.4,415.8,66,sw_pwr,99.2,25.770,0,0,-1,1957.394,530.068,8263.079,10750.540,11.0,8.1,52.36,23.1,dense,1,4294967296,ok
split,1782462667,node0.a100.isolateedinburgh-pg0.wisc.cloudlab.us,12090,split,fp64,1,65536,65536,65536,15,3,0,0,0,0,0,0,0,0,0,0,none,0,103.079,0,0,-1,0,0,0,0,0,0,0,0,dense,1,4294967296,oom-skip
split,1782462667,node0.a100.isolateedinburgh-pg0.wisc.cloudlab.us,12090,split,fp64,2,65536,65536,65536,15,3,0,0,0,0,0,0,0,0,0,0,none,0,68.719,0,0,-1,0,0,0,0,0,0,0,0,dense,1,4294967296,oom-skip
split,1782462667,node0.a100.isolateedinburgh-pg0.wisc.cloudlab.us,12090,split,fp64,3,65536,65536,65536,15,3,0,0,0,0,0,0,0,0,0,0,none,0,57.267,0,0,-1,0,0,0,0,0,0,0,0,dense,1,4294967296,oom-skip
split,1782462667,node0.a100.isolateedinburgh-pg0.wisc.cloudlab.us,12090,split,fp64,4,65536,65536,65536,15,3,0,0,0,0,0,0,0,0,0,0,none,0,51.540,0,0,-1,0,0,0,0,0,0,0,0,dense,1,4294967296,oom-skip
split,1782462667,node0.a100.isolateedinburgh-pg0.wisc.cloudlab.us,12090,split,bf16,1,65536,65536,65536,15,3,252.42,252.42,80.90,33452.996,1194,1260,1215,397.8,416.5,63,sw_pwr,100.0,34.360,0,0,-1,685.915,692.946,2230.200,3609.061,25.0,24.8,155.98,38.2,dense,1,4294967296,ok
split,1782462737,node0.a100.isolateedinburgh-pg0.wisc.cloudlab.us,12090,split,bf16,2,65536,65536,65536,15,3,507.64,253.82,81.35,16634.225,1205,1290,1215,397.2,444.9,60,sw_pwr,99.9,21.475,0,0,-1,602.509,360.623,1101.178,2064.310,21.4,23.8,272.71,46.7,dense,1,4294967296,ok
split,1782462786,node0.a100.isolateedinburgh-pg0.wisc.cloudlab.us,12090,split,bf16,3,65536,65536,65536,15,3,764.23,254.74,81.65,11049.329,1220,1410,1215,373.7,453.6,58,sw_pwr,92.7,17.180,0,0,-1,790.093,255.758,732.721,1778.572,14.5,22.4,316.52,58.8,dense,1,4294967296,ok
split,1782462828,node0.a100.isolateedinburgh-pg0.wisc.cloudlab.us,12090,split,bf16,4,65536,65536,65536,15,3,1022.77,255.69,81.95,8256.240,1237,1410,1215,365.7,450.3,58,sw_pwr,91.1,15.032,0,0,-1,978.388,504.598,539.954,2022.941,11.0,8.5,278.28,73.3,dense,1,4294967296,ok
replicas,1782462877,node0.a100.isolateedinburgh-pg0.wisc.cloudlab.us,12090,replicas,fp32,1,512,512,512,15,3,7.46,7.46,38.26,0.540,1095,1095,1215,57.6,57.6,32,none,2.0,0.003,0,0,-1,0.417,0.061,0.036,0.513,5.0,17.3,0.52,93.0,dense,1,262144,ok
replicas,1782462877,node0.a100.isolateedinburgh-pg0.wisc.cloudlab.us,12090,replicas,fp32,2,512,512,512,15,3,14.43,7.21,37.00,0.558,1095,1095,1215,57.9,58.4,32,none,1.0,0.003,0,0,-1,0.386,0.064,0.037,0.487,5.4,16.4,1.10,92.4,dense,1,262144,ok
replicas,1782462877,node0.a100.isolateedinburgh-pg0.wisc.cloudlab.us,12090,replicas,fp32,3,512,512,512,15,3,21.76,7.25,37.20,0.555,1095,1095,1215,57.3,58.3,33,none,2.0,0.003,0,0,-1,0.660,0.405,0.036,1.101,3.2,2.6,0.73,96.7,dense,1,262144,ok
replicas,1782462877,node0.a100.isolateedinburgh-pg0.wisc.cloudlab.us,12090,replicas,fp32,4,512,512,512,15,3,29.34,7.34,37.62,0.549,1095,1095,1215,57.0,58.3,33,none,1.0,0.003,0,0,-1,0.732,0.408,0.037,1.176,2.9,2.6,0.91,96.9,dense,1,262144,ok
replicas,1782462878,node0.a100.isolateedinburgh-pg0.wisc.cloudlab.us,12090,replicas,fp64,1,512,512,512,15,3,2.47,2.47,25.43,1.632,1095,1095,1215,57.6,57.6,32,none,1.0,0.006,0,0,-1,0.751,0.795,0.109,1.655,5.6,2.6,0.16,93.4,dense,1,262144,ok
replicas,1782462878,node0.a100.isolateedinburgh-pg0.wisc.cloudlab.us,12090,replicas,fp64,2,512,512,512,15,3,4.92,2.46,25.37,1.636,1095,1095,1215,57.6,57.6,32,none,1.0,0.006,0,0,-1,0.926,0.809,0.108,1.844,4.5,2.6,0.29,94.1,dense,1,262144,ok
replicas,1782462878,node0.a100.isolateedinburgh-pg0.wisc.cloudlab.us,12090,replicas,fp64,3,512,512,512,15,3,7.37,2.46,25.32,1.639,1095,1095,1215,56.6,57.6,33,none,1.7,0.006,0,0,-1,1.063,0.814,0.109,1.986,3.9,2.6,0.41,94.5,dense,1,262144,ok
replicas,1782462878,node0.a100.isolateedinburgh-pg0.wisc.cloudlab.us,12090,replicas,fp64,4,512,512,512,15,3,9.83,2.46,25.34,1.638,1095,1095,1215,56.5,57.6,33,none,1.2,0.006,0,0,-1,1.056,1.011,0.108,2.175,4.0,2.1,0.49,95.0,dense,1,262144,ok
replicas,1782462878,node0.a100.isolateedinburgh-pg0.wisc.cloudlab.us,12090,replicas,bf16,1,512,512,512,15,3,26.21,26.21,8.40,0.154,1095,1095,1215,62.4,62.4,32,none,4.0,0.002,0,0,-1,0.183,0.070,0.010,0.263,5.7,15.1,1.02,96.1,dense,1,262144,ok
replicas,1782462878,node0.a100.isolateedinburgh-pg0.wisc.cloudlab.us,12090,replicas,bf16,2,512,512,512,15,3,52.78,26.39,8.46,0.153,1095,1095,1215,62.3,62.4,32,none,2.5,0.002,0,0,-1,0.188,0.111,0.010,0.309,5.6,9.4,1.73,96.7,dense,1,262144,ok
replicas,1782462878,node0.a100.isolateedinburgh-pg0.wisc.cloudlab.us,12090,replicas,bf16,3,512,512,512,15,3,77.61,25.87,8.29,0.156,1095,1095,1215,59.3,61.6,33,none,3.0,0.002,0,0,-1,0.224,0.408,0.010,0.642,4.7,2.6,1.25,98.4,dense,1,262144,ok
replicas,1782462878,node0.a100.isolateedinburgh-pg0.wisc.cloudlab.us,12090,replicas,bf16,4,512,512,512,15,3,102.13,25.53,8.18,0.158,1095,1095,1215,57.0,60.3,33,none,3.2,0.002,0,0,-1,0.303,0.614,0.011,0.928,3.5,1.7,1.16,98.9,dense,1,262144,ok
replicas,1782462878,node0.a100.isolateedinburgh-pg0.wisc.cloudlab.us,12090,replicas,fp32,1,1024,1024,1024,15,3,12.94,12.94,66.36,2.489,0,0,0,0.0,0.0,0,none,0.0,0.013,0,0,-1,0.577,0.193,0.166,0.936,14.5,21.8,2.30,82.3,dense,1,1048576,ok
replicas,1782462878,node0.a100.isolateedinburgh-pg0.wisc.cloudlab.us,12090,replicas,fp32,2,1024,1024,1024,15,3,25.88,12.94,66.36,2.489,1095,1095,1215,58.2,60.3,32,none,2.5,0.013,0,0,-1,0.725,0.199,0.166,1.090,11.6,21.1,3.94,84.8,dense,1,1048576,ok
replicas,1782462878,node0.a100.isolateedinburgh-pg0.wisc.cloudlab.us,12090,replicas,fp32,3,1024,1024,1024,15,3,38.77,12.92,66.28,2.492,1095,1095,1215,57.5,60.3,33,none,3.0,0.013,0,0,-1,0.796,0.403,0.166,1.365,10.5,10.4,4.72,87.8,dense,1,1048576,ok
replicas,1782462878,node0.a100.isolateedinburgh-pg0.wisc.cloudlab.us,12090,replicas,fp32,4,1024,1024,1024,15,3,51.61,12.90,66.17,2.497,1095,1095,1215,56.4,57.9,33,none,6.8,0.013,0,0,-1,1.124,0.412,0.166,1.702,7.5,10.2,5.05,90.2,dense,1,1048576,ok
replicas,1782462878,node0.a100.isolateedinburgh-pg0.wisc.cloudlab.us,12090,replicas,fp64,1,1024,1024,1024,15,3,4.07,4.07,41.91,7.924,1095,1095,1215,57.9,57.9,32,none,10.0,0.025,0,0,-1,1.169,0.377,0.528,2.074,14.4,22.3,1.04,74.5,dense,1,1048576,ok
replicas,1782462878,node0.a100.isolateedinburgh-pg0.wisc.cloudlab.us,12090,replicas,fp64,2,1024,1024,1024,15,3,8.14,4.07,41.97,7.912,1095,1095,1215,59.1,66.2,32,none,9.5,0.025,0,0,-1,3.765,0.409,0.527,4.702,4.5,20.5,0.91,88.8,dense,1,1048576,ok
replicas,1782462878,node0.a100.isolateedinburgh-pg0.wisc.cloudlab.us,12090,replicas,fp64,3,1024,1024,1024,15,3,12.03,4.01,41.33,8.034,1095,1095,1215,59.7,66.2,33,none,8.3,0.025,0,0,-1,5.165,3.207,0.528,8.900,3.2,2.6,0.72,94.1,dense,1,1048576,ok
replicas,1782462878,node0.a100.isolateedinburgh-pg0.wisc.cloudlab.us,12090,replicas,fp64,4,1024,1024,1024,15,3,16.28,4.07,41.95,7.916,1095,1095,1215,74.7,94.3,33,none,11.8,0.025,0,0,-1,5.878,0.798,0.528,7.203,2.9,10.5,1.19,92.7,dense,1,1048576,ok
replicas,1782462878,node0.a100.isolateedinburgh-pg0.wisc.cloudlab.us,12090,replicas,bf16,1,1024,1024,1024,15,3,86.66,86.66,27.78,0.372,0,0,0,0.0,0.0,0,none,0.0,0.008,0,0,-1,0.292,0.195,0.025,0.512,14.4,21.5,4.19,95.2,dense,1,1048576,ok
replicas,1782462878,node0.a100.isolateedinburgh-pg0.wisc.cloudlab.us,12090,replicas,bf16,2,1024,1024,1024,15,3,172.84,86.42,27.70,0.373,0,0,0,0.0,0.0,0,none,0.0,0.008,0,0,-1,0.292,0.196,0.025,0.513,14.4,21.4,8.37,95.2,dense,1,1048576,ok
replicas,1782462878,node0.a100.isolateedinburgh-pg0.wisc.cloudlab.us,12090,replicas,bf16,3,1024,1024,1024,15,3,257.85,85.95,27.55,0.375,0,0,0,0.0,0.0,0,none,0.0,0.008,0,0,-1,0.314,0.410,0.025,0.750,13.3,10.2,8.60,96.7,dense,1,1048576,ok
replicas,1782462878,node0.a100.isolateedinburgh-pg0.wisc.cloudlab.us,12090,replicas,bf16,4,1024,1024,1024,15,3,335.54,83.89,26.89,0.384,1095,1095,1215,57.5,59.0,33,none,13.0,0.008,0,0,-1,1.057,1.851,0.026,2.933,4.0,2.3,2.93,99.1,dense,1,1048576,ok
replicas,1782462878,node0.a100.isolateedinburgh-pg0.wisc.cloudlab.us,12090,replicas,fp32,1,2048,2048,2048,15,3,13.80,13.80,70.76,18.676,1095,1095,1215,59.2,59.5,33,none,24.4,0.050,0,0,-1,2.683,0.741,1.245,4.669,12.5,22.6,3.68,73.3,dense,1,4194304,ok
replicas,1782462878,node0.a100.isolateedinburgh-pg0.wisc.cloudlab.us,12090,replicas,fp32,2,2048,2048,2048,15,3,27.59,13.80,70.75,18.680,1095,1095,1215,57.8,59.5,33,none,25.5,0.050,0,0,-1,4.981,0.756,1.245,6.982,6.7,22.2,4.92,82.2,dense,1,4194304,ok
replicas,1782462878,node0.a100.isolateedinburgh-pg0.wisc.cloudlab.us,12090,replicas,fp32,3,2048,2048,2048,15,3,41.35,13.78,70.68,18.698,1095,1095,1215,73.9,112.8,33,none,21.3,0.050,0,0,-1,11.309,0.742,1.247,13.298,3.0,22.6,3.88,90.6,dense,1,4194304,ok
replicas,1782462879,node0.a100.isolateedinburgh-pg0.wisc.cloudlab.us,12090,replicas,fp32,4,2048,2048,2048,15,3,55.16,13.79,70.72,18.687,1095,1095,1215,72.5,112.8,34,none,18.8,0.050,0,0,-1,5.753,6.746,1.245,13.744,5.8,2.5,5.00,90.9,dense,1,4194304,ok
replicas,1782462879,node0.a100.isolateedinburgh-pg0.wisc.cloudlab.us,12090,replicas,fp64,1,2048,2048,2048,15,3,5.87,5.87,60.52,43.901,1290,1290,1215,74.1,74.1,33,none,47.0,0.101,0,0,-1,4.861,4.942,2.927,12.730,13.8,6.8,1.35,77.0,dense,1,4194304,ok
replicas,1782462879,node0.a100.isolateedinburgh-pg0.wisc.cloudlab.us,12090,replicas,fp64,2,2048,2048,2048,15,3,9.99,4.99,51.47,51.612,1184,1290,1215,106.4,194.6,34,none,31.5,0.101,0,0,-1,4.457,6.338,2.928,13.723,15.1,5.3,2.50,78.7,dense,1,4194304,ok
replicas,1782462879,node0.a100.isolateedinburgh-pg0.wisc.cloudlab.us,12090,replicas,fp64,3,2048,2048,2048,15,3,14.97,4.99,51.46,51.630,1190,1410,1215,102.6,232.5,36,none,16.9,0.101,0,0,-1,6.722,1.443,3.381,11.546,10.0,23.3,4.46,70.7,dense,1,4194304,ok
replicas,1782462879,node0.a100.isolateedinburgh-pg0.wisc.cloudlab.us,12090,replicas,fp64,4,2048,2048,2048,15,3,19.96,4.99,51.45,51.632,1168,1410,1215,60.3,74.6,35,none,26.4,0.101,0,0,-1,11.811,6.325,3.351,21.487,5.7,5.3,3.20,84.4,dense,1,4194304,ok
replicas,1782462879,node0.a100.isolateedinburgh-pg0.wisc.cloudlab.us,12090,replicas,bf16,1,2048,2048,2048,15,3,153.36,153.36,49.15,1.680,1410,1410,1215,75.2,75.2,34,none,25.0,0.034,0,0,-1,1.046,0.738,0.112,1.896,16.0,22.7,9.06,94.1,dense,1,4194304,ok
replicas,1782462880,node0.a100.isolateedinburgh-pg0.wisc.cloudlab.us,12090,replicas,bf16,2,2048,2048,2048,15,3,246.12,123.06,39.44,2.094,1220,1410,1215,63.3,75.2,34,none,25.0,0.034,0,0,-1,3.533,5.197,0.113,8.843,4.7,3.2,3.89,98.7,dense,1,4194304,ok
replicas,1782462880,node0.a100.isolateedinburgh-pg0.wisc.cloudlab.us,12090,replicas,bf16,3,2048,2048,2048,15,3,354.78,118.26,37.90,2.179,1170,1410,1215,68.7,92.2,34,none,20.2,0.034,0,0,-1,1.209,1.588,0.113,2.910,13.9,10.6,17.71,96.1,dense,1,4194304,ok
replicas,1782462880,node0.a100.isolateedinburgh-pg0.wisc.cloudlab.us,12090,replicas,bf16,4,2048,2048,2048,15,3,475.50,118.87,38.10,2.168,1158,1410,1215,60.2,75.1,33,none,17.5,0.034,0,0,-1,6.196,6.522,0.143,12.861,2.7,2.6,5.34,98.9,dense,1,4194304,ok
replicas,1782462880,node0.a100.isolateedinburgh-pg0.wisc.cloudlab.us,12090,replicas,fp32,1,4096,4096,4096,15,3,19.03,19.03,97.57,108.358,1410,1410,1215,141.5,253.1,40,none,15.9,0.201,0,0,-1,8.622,8.822,7.224,24.668,15.6,7.6,5.57,70.7,dense,1,16777216,ok
replicas,1782462880,node0.a100.isolateedinburgh-pg0.wisc.cloudlab.us,12090,replicas,fp32,2,4096,4096,4096,15,3,30.43,15.21,78.02,135.514,1252,1410,1215,186.5,334.5,42,none,21.5,0.201,0,0,-1,12.779,3.041,7.223,23.043,10.5,22.1,11.93,68.7,dense,1,16777216,ok
replicas,1782462880,node0.a100.isolateedinburgh-pg0.wisc.cloudlab.us,12090,replicas,fp32,3,4096,4096,4096,15,3,44.42,14.81,75.93,139.245,1287,1410,1215,145.9,313.8,44,none,50.9,0.201,0,0,-1,17.188,11.316,9.283,37.787,7.8,5.9,10.91,75.4,dense,1,16777216,ok
replicas,1782462881,node0.a100.isolateedinburgh-pg0.wisc.cloudlab.us,12090,replicas,fp32,4,4096,4096,4096,15,3,64.15,16.04,82.24,128.557,1321,1410,1215,129.0,317.3,44,none,51.9,0.201,0,0,-1,18.979,13.887,8.570,41.437,7.1,4.8,13.27,79.3,dense,1,16777216,ok
replicas,1782462881,node0.a100.isolateedinburgh-pg0.wisc.cloudlab.us,12090,replicas,fp64,1,4096,4096,4096,15,3,6.67,6.67,68.73,309.229,1410,1410,1215,306.2,346.4,45,none,45.8,0.403,0,0,-1,16.318,11.979,20.615,48.912,16.5,11.2,2.81,57.9,dense,1,16777216,ok
replicas,1782462882,node0.a100.isolateedinburgh-pg0.wisc.cloudlab.us,12090,replicas,fp64,2,4096,4096,4096,15,3,13.34,6.67,68.78,309.024,1410,1410,1215,271.5,341.7,46,none,38.4,0.403,0,0,-1,17.139,6.607,20.602,44.347,15.7,20.3,6.20,53.5,dense,1,16777216,ok
replicas,1782462883,node0.a100.isolateedinburgh-pg0.wisc.cloudlab.us,12090,replicas,fp64,3,4096,4096,4096,15,3,18.33,6.11,62.99,337.423,1339,1410,1215,264.9,345.3,46,none,32.9,0.403,0,0,-1,27.553,8.963,20.601,57.116,9.7,15.0,7.22,63.9,dense,1,16777216,ok
replicas,1782462884,node0.a100.isolateedinburgh-pg0.wisc.cloudlab.us,12090,replicas,fp64,4,4096,4096,4096,15,3,26.01,6.50,67.04,317.020,1397,1410,1215,258.6,348.1,46,none,45.8,0.403,0,0,-1,43.178,17.802,20.600,81.579,6.2,7.5,6.74,74.7,dense,1,16777216,ok
replicas,1782462885,node0.a100.isolateedinburgh-pg0.wisc.cloudlab.us,12090,replicas,bf16,1,4096,4096,4096,15,3,264.97,264.97,84.93,7.780,1410,1410,1215,73.0,73.0,35,none,7.0,0.134,0,0,-1,3.812,2.724,0.519,7.055,17.6,24.6,19.48,92.6,dense,1,16777216,ok
replicas,1782462885,node0.a100.isolateedinburgh-pg0.wisc.cloudlab.us,12090,replicas,bf16,2,4096,4096,4096,15,3,528.97,264.49,84.77,7.795,1410,1410,1215,74.3,76.4,35,none,7.0,0.134,0,0,-1,5.415,8.483,0.519,14.417,12.4,7.9,19.07,96.4,dense,1,16777216,ok
replicas,1782462885,node0.a100.isolateedinburgh-pg0.wisc.cloudlab.us,12090,replicas,bf16,3,4096,4096,4096,15,3,794.40,264.80,84.87,7.785,1410,1410,1215,73.3,74.5,35,none,8.0,0.134,0,0,-1,7.991,12.835,0.518,21.344,8.4,5.2,19.32,97.6,dense,1,16777216,ok
replicas,1782462885,node0.a100.isolateedinburgh-pg0.wisc.cloudlab.us,12090,replicas,bf16,4,4096,4096,4096,15,3,1056.56,264.14,84.66,7.805,1410,1410,1215,71.6,72.9,35,none,7.5,0.134,0,0,-1,11.340,10.393,0.518,22.252,5.9,6.5,24.71,97.7,dense,1,16777216,ok
replicas,1782462886,node0.a100.isolateedinburgh-pg0.wisc.cloudlab.us,12090,replicas,fp32,1,8192,8192,8192,15,3,19.17,19.17,98.28,860.554,1410,1410,1215,302.7,305.7,47,none,77.3,0.805,0,0,-1,25.426,9.959,57.370,92.755,21.1,27.0,11.85,38.1,dense,1,67108864,ok
replicas,1782462887,node0.a100.isolateedinburgh-pg0.wisc.cloudlab.us,12090,replicas,fp32,2,8192,8192,8192,15,3,38.15,19.08,97.82,864.617,1404,1410,1215,288.2,306.3,48,none,90.6,0.805,0,0,-1,45.615,9.978,57.360,112.954,11.8,26.9,19.47,49.2,dense,1,67108864,ok
replicas,1782462889,node0.a100.isolateedinburgh-pg0.wisc.cloudlab.us,12090,replicas,fp32,3,8192,8192,8192,15,3,57.45,19.15,98.21,861.191,1405,1410,1215,285.3,308.9,49,none,88.1,0.805,0,0,-1,34.201,25.675,57.413,117.289,15.7,10.5,28.12,51.1,dense,1,67108864,ok
replicas,1782462890,node0.a100.isolateedinburgh-pg0.wisc.cloudlab.us,12090,replicas,fp32,4,8192,8192,8192,15,3,76.63,19.16,98.24,860.887,1410,1410,1215,293.4,306.8,49,none,85.9,0.805,0,0,-1,45.357,36.642,57.323,139.322,11.8,7.3,31.57,58.9,dense,1,67108864,ok
replicas,1782462892,node0.a100.isolateedinburgh-pg0.wisc.cloudlab.us,12090,replicas,fp64,1,8192,8192,8192,15,3,6.76,6.76,69.74,2438.046,1410,1410,1215,366.3,369.7,52,none,100.0,1.611,0,0,-1,43.066,19.871,162.536,225.473,24.9,27.0,4.88,27.9,dense,1,67108864,ok
replicas,1782462896,node0.a100.isolateedinburgh-pg0.wisc.cloudlab.us,12090,replicas,fp64,2,8192,8192,8192,15,3,13.55,6.78,69.86,2433.960,1410,1410,1215,361.0,371.6,53,none,98.9,1.611,0,0,-1,49.439,20.273,162.135,231.847,21.7,26.5,9.48,30.1,dense,1,67108864,ok
replicas,1782462901,node0.a100.isolateedinburgh-pg0.wisc.cloudlab.us,12090,replicas,fp64,3,8192,8192,8192,15,3,20.28,6.76,69.70,2439.593,1410,1410,1215,358.3,371.6,54,none,98.7,1.611,0,0,-1,72.340,50.020,162.588,284.948,14.8,10.7,11.58,42.9,dense,1,67108864,ok
replicas,1782462906,node0.a100.isolateedinburgh-pg0.wisc.cloudlab.us,12090,replicas,fp64,4,8192,8192,8192,15,3,27.11,6.78,69.86,2433.775,1410,1410,1215,357.3,376.5,54,none,99.3,1.611,0,0,-1,118.164,71.740,162.083,351.987,9.1,7.5,12.49,54.0,dense,1,67108864,ok
replicas,1782462911,node0.a100.isolateedinburgh-pg0.wisc.cloudlab.us,12090,replicas,bf16,1,8192,8192,8192,15,3,283.42,283.42,90.84,58.191,1391,1410,1215,75.5,76.3,45,sw_pwr,5.4,0.537,0,0,-1,27.817,9.947,3.879,41.644,9.6,27.0,26.40,90.7,dense,1,67108864,ok
replicas,1782462911,node0.a100.isolateedinburgh-pg0.wisc.cloudlab.us,12090,replicas,bf16,2,8192,8192,8192,15,3,458.44,229.22,73.47,71.951,1234,1410,1215,65.2,74.4,37,none,4.0,0.537,0,0,-1,17.489,10.037,4.797,32.323,15.3,26.7,68.03,85.2,dense,1,67108864,ok
replicas,1782462912,node0.a100.isolateedinburgh-pg0.wisc.cloudlab.us,12090,replicas,bf16,3,8192,8192,8192,15,3,686.50,228.83,73.34,72.073,1290,1410,1215,104.9,257.8,40,none,7.1,0.537,0,0,-1,22.335,30.982,4.805,58.122,12.0,8.7,56.75,91.7,dense,1,67108864,ok
replicas,1782462913,node0.a100.isolateedinburgh-pg0.wisc.cloudlab.us,12090,replicas,bf16,4,8192,8192,8192,15,3,913.55,228.39,73.20,72.214,1154,1410,1215,89.8,277.1,42,sw_pwr,5.4,0.537,0,0,-1,41.735,30.651,4.805,77.191,6.4,8.8,56.98,93.8,dense,1,67108864,ok
replicas,1782462915,node0.a100.isolateedinburgh-pg0.wisc.cloudlab.us,12090,replicas,fp32,1,16384,16384,16384,15,3,19.08,19.08,97.86,6914.524,1410,1410,1215,345.9,347.7,56,none,100.0,3.221,0,0,-1,85.792,40.952,460.968,587.712,25.0,26.2,14.97,21.6,dense,1,268435456,ok
replicas,1782462925,node0.a100.isolateedinburgh-pg0.wisc.cloudlab.us,12090,replicas,fp32,2,16384,16384,16384,15,3,38.13,19.06,97.76,6921.025,1410,1410,1215,343.0,355.3,58,none,99.6,3.221,0,0,-1,164.286,40.987,461.009,666.282,13.1,26.2,26.40,30.8,dense,1,268435456,ok
replicas,1782462935,node0.a100.isolateedinburgh-pg0.wisc.cloudlab.us,12090,replicas,fp32,3,16384,16384,16384,15,3,57.19,19.06,97.76,6921.333,1410,1410,1215,340.3,356.1,59,none,98.4,3.221,0,0,-1,122.671,106.489,460.865,690.024,17.5,10.1,38.24,33.2,dense,1,268435456,ok
replicas,1782462946,node0.a100.isolateedinburgh-pg0.wisc.cloudlab.us,12090,replicas,fp32,4,16384,16384,16384,15,3,76.23,19.06,97.74,6922.940,1410,1410,1215,337.8,356.3,59,none,99.0,3.221,0,0,-1,161.197,113.223,460.983,735.403,13.3,9.5,47.84,37.3,dense,1,268435456,ok
replicas,1782462957,node0.a100.isolateedinburgh-pg0.wisc.cloudlab.us,12090,replicas,fp64,1,16384,16384,16384,15,3,6.77,6.77,69.84,19475.910,1410,1410,1215,386.4,389.9,62,none,100.0,6.442,0,0,-1,185.201,81.858,1298.394,1565.453,23.2,26.2,5.62,17.1,dense,1,268435456,ok
replicas,1782462986,node0.a100.isolateedinburgh-pg0.wisc.cloudlab.us,12090,replicas,fp64,2,16384,16384,16384,15,3,13.52,6.76,69.70,19515.289,1410,1410,1215,379.3,393.8,63,none,100.0,6.442,0,0,-1,192.631,93.748,1301.019,1587.398,22.3,22.9,11.08,18.0,dense,1,268435456,ok
replicas,1782463016,node0.a100.isolateedinburgh-pg0.wisc.cloudlab.us,12090,replicas,fp64,3,16384,16384,16384,15,3,20.31,6.77,69.79,19490.545,1410,1410,1215,377.5,390.4,62,none,99.0,6.442,0,0,-1,275.142,193.713,1299.370,1768.225,15.6,11.1,14.92,26.5,dense,1,268435456,ok
replicas,1782463048,node0.a100.isolateedinburgh-pg0.wisc.cloudlab.us,12090,replicas,fp64,4,16384,16384,16384,15,3,27.11,6.78,69.88,19465.465,1410,1410,1215,372.2,397.2,67,none,98.2,6.442,0,0,-1,375.687,267.587,1297.698,1940.971,11.4,8.0,18.13,33.1,dense,1,268435456,ok
replicas,1782463081,node0.a100.isolateedinburgh-pg0.wisc.cloudlab.us,12090,replicas,bf16,1,16384,16384,16384,15,3,260.49,260.49,83.49,506.507,1217,1290,1215,328.6,405.0,56,sw_pwr,53.8,2.147,0,0,-1,42.566,41.102,33.767,117.435,25.2,26.1,74.90,71.2,dense,1,268435456,ok
replicas,1782463084,node0.a100.isolateedinburgh-pg0.wisc.cloudlab.us,12090,replicas,bf16,2,16384,16384,16384,15,3,539.00,269.50,86.38,489.576,1247,1290,1215,335.3,413.1,57,sw_pwr,68.5,2.147,0,0,-1,53.856,41.145,32.638,127.640,19.9,26.1,137.83,74.4,dense,1,268435456,ok
replicas,1782463086,node0.a100.isolateedinburgh-pg0.wisc.cloudlab.us,12090,replicas,bf16,3,16384,16384,16384,15,3,791.94,263.98,84.61,499.813,1242,1305,1215,371.8,413.5,58,sw_pwr,67.1,2.147,0,0,-1,67.314,54.494,32.861,154.669,16.0,19.7,170.61,78.8,dense,1,268435456,ok
replicas,1782463090,node0.a100.isolateedinburgh-pg0.wisc.cloudlab.us,12090,replicas,bf16,4,16384,16384,16384,15,3,1054.13,263.53,84.47,500.664,1259,1320,1215,356.7,411.0,57,sw_pwr,75.9,2.147,0,0,-1,87.626,134.771,31.868,254.264,12.3,8.0,138.38,87.5,dense,1,268435456,ok
replicas,1782463100,node0.a100.isolateedinburgh-pg0.wisc.cloudlab.us,12090,replicas,fp32,1,32768,32768,32768,15,3,18.44,18.44,94.55,57251.766,1409,1410,1215,398.2,408.4,66,sw_pwr,100.0,12.885,0,0,-1,364.078,182.773,3816.784,4363.635,23.6,23.5,16.13,12.5,dense,1,1073741824,ok
replicas,1782463172,node0.a100.isolateedinburgh-pg0.wisc.cloudlab.us,12090,replicas,fp32,2,32768,32768,32768,15,3,36.85,18.42,94.49,57288.594,1410,1410,1215,390.8,400.0,66,none,99.8,12.885,0,0,-1,665.824,185.500,3815.816,4667.140,12.9,23.2,30.15,18.2,dense,1,1073741824,ok
replicas,1782463248,node0.a100.isolateedinburgh-pg0.wisc.cloudlab.us,12090,replicas,fp32,3,32768,32768,32768,15,3,55.16,18.39,94.29,57409.398,1409,1410,1215,390.9,412.8,72,sw_pwr,98.8,12.885,0,0,-1,720.120,179.226,3818.116,4717.462,11.9,24.0,44.75,19.1,dense,1,1073741824,ok
replicas,1782463325,node0.a100.isolateedinburgh-pg0.wisc.cloudlab.us,12090,replicas,fp32,4,32768,32768,32768,15,3,73.68,18.42,94.46,57301.938,1410,1410,1215,382.3,418.1,69,sw_pwr,98.6,12.885,0,0,-1,871.318,284.004,3820.129,4975.451,9.9,15.1,56.57,23.2,dense,1,1073741824,ok
replicas,1782463406,node0.a100.isolateedinburgh-pg0.wisc.cloudlab.us,12090,replicas,fp64,1,32768,32768,32768,15,3,6.77,6.77,69.79,155916.875,1407,1410,1215,397.8,405.8,65,sw_pwr,100.0,25.770,0,0,-1,717.109,349.182,10394.458,11460.749,24.0,24.6,6.14,9.3,dense,1,1073741824,ok
replicas,1782463615,node0.a100.isolateedinburgh-pg0.wisc.cloudlab.us,12090,replicas,fp64,2,32768,32768,32768,15,3,13.51,6.76,69.65,156234.234,1409,1410,1215,395.0,403.4,65,sw_pwr,100.0,25.770,0,0,-1,785.516,347.822,10415.616,11548.953,21.9,24.7,12.19,9.8,dense,1,1073741824,ok
replicas,1782463830,node0.a100.isolateedinburgh-pg0.wisc.cloudlab.us,12090,replicas,fp64,3,32768,32768,32768,15,3,20.20,6.73,69.41,156768.641,1407,1410,1215,391.3,413.7,70,sw_pwr,99.4,25.770,0,0,-1,1111.377,415.254,10451.243,11977.874,15.5,20.7,17.62,12.7,dense,1,1073741824,ok
replicas,1782464048,node0.a100.isolateedinburgh-pg0.wisc.cloudlab.us,12090,replicas,fp64,4,32768,32768,32768,15,3,26.96,6.74,69.48,156615.969,1406,1410,1215,388.6,414.4,70,sw_pwr,99.2,25.770,0,0,-1,1401.770,622.181,10389.223,12413.173,12.3,13.8,22.68,16.3,dense,1,1073741824,ok
replicas,1782464273,node0.a100.isolateedinburgh-pg0.wisc.cloudlab.us,12090,replicas,bf16,1,32768,32768,32768,15,3,253.40,253.40,81.22,4165.436,1222,1260,1215,398.8,423.3,56,sw_pwr,100.0,8.590,0,0,-1,188.509,175.335,277.696,641.540,22.8,24.5,109.69,56.7,dense,1,1073741824,ok
replicas,1782464285,node0.a100.isolateedinburgh-pg0.wisc.cloudlab.us,12090,replicas,bf16,2,32768,32768,32768,15,3,506.05,253.03,81.10,4171.608,1232,1290,1215,397.3,429.6,57,sw_pwr,100.0,8.590,0,0,-1,192.442,190.172,278.107,660.720,22.3,22.6,213.01,57.9,dense,1,1073741824,ok
replicas,1782464301,node0.a100.isolateedinburgh-pg0.wisc.cloudlab.us,12090,replicas,bf16,3,32768,32768,32768,15,3,760.32,253.44,81.23,4164.834,1246,1395,1215,358.0,448.3,57,sw_pwr,88.8,8.590,0,0,-1,277.145,286.143,276.676,839.963,15.5,15.0,251.33,67.1,dense,1,1073741824,ok
replicas,1782464319,node0.a100.isolateedinburgh-pg0.wisc.cloudlab.us,12090,replicas,bf16,4,32768,32768,32768,15,3,1014.92,253.73,81.32,4160.056,1262,1410,1215,340.9,451.3,56,sw_pwr,84.4,8.590,0,0,-1,345.711,532.193,271.216,1149.120,12.4,8.1,244.95,76.4,dense,1,1073741824,ok
replicas,1782464361,node0.a100.isolateedinburgh-pg0.wisc.cloudlab.us,12090,replicas,fp32,1,65536,65536,65536,15,3,0,0,0,0,0,0,0,0,0,0,none,0,51.540,0,0,-1,0,0,0,0,0,0,0,0,dense,1,4294967296,oom-skip
replicas,1782464361,node0.a100.isolateedinburgh-pg0.wisc.cloudlab.us,12090,replicas,fp32,2,65536,65536,65536,15,3,0,0,0,0,0,0,0,0,0,0,none,0,51.540,0,0,-1,0,0,0,0,0,0,0,0,dense,1,4294967296,oom-skip
replicas,1782464361,node0.a100.isolateedinburgh-pg0.wisc.cloudlab.us,12090,replicas,fp32,3,65536,65536,65536,15,3,0,0,0,0,0,0,0,0,0,0,none,0,51.540,0,0,-1,0,0,0,0,0,0,0,0,dense,1,4294967296,oom-skip
replicas,1782464361,node0.a100.isolateedinburgh-pg0.wisc.cloudlab.us,12090,replicas,fp32,4,65536,65536,65536,15,3,0,0,0,0,0,0,0,0,0,0,none,0,51.540,0,0,-1,0,0,0,0,0,0,0,0,dense,1,4294967296,oom-skip
replicas,1782464361,node0.a100.isolateedinburgh-pg0.wisc.cloudlab.us,12090,replicas,fp64,1,65536,65536,65536,15,3,0,0,0,0,0,0,0,0,0,0,none,0,103.079,0,0,-1,0,0,0,0,0,0,0,0,dense,1,4294967296,oom-skip
replicas,1782464361,node0.a100.isolateedinburgh-pg0.wisc.cloudlab.us,12090,replicas,fp64,2,65536,65536,65536,15,3,0,0,0,0,0,0,0,0,0,0,none,0,103.079,0,0,-1,0,0,0,0,0,0,0,0,dense,1,4294967296,oom-skip
replicas,1782464361,node0.a100.isolateedinburgh-pg0.wisc.cloudlab.us,12090,replicas,fp64,3,65536,65536,65536,15,3,0,0,0,0,0,0,0,0,0,0,none,0,103.079,0,0,-1,0,0,0,0,0,0,0,0,dense,1,4294967296,oom-skip
replicas,1782464361,node0.a100.isolateedinburgh-pg0.wisc.cloudlab.us,12090,replicas,fp64,4,65536,65536,65536,15,3,0,0,0,0,0,0,0,0,0,0,none,0,103.079,0,0,-1,0,0,0,0,0,0,0,0,dense,1,4294967296,oom-skip
replicas,1782464361,node0.a100.isolateedinburgh-pg0.wisc.cloudlab.us,12090,replicas,bf16,1,65536,65536,65536,15,3,251.78,251.78,80.70,33538.828,1193,1260,1215,397.7,422.5,60,sw_pwr,100.0,34.360,0,0,-1,688.960,667.063,2235.922,3591.945,24.9,25.8,156.73,37.8,dense,1,4294967296,ok
replicas,1782464432,node0.a100.isolateedinburgh-pg0.wisc.cloudlab.us,12090,replicas,bf16,2,65536,65536,65536,15,3,504.94,252.47,80.92,33446.855,1199,1320,1215,397.4,457.1,62,sw_pwr,99.9,34.360,0,0,-1,745.289,729.379,2229.790,3704.458,23.1,23.6,303.93,39.8,dense,1,4294967296,ok
replicas,1782464517,node0.a100.isolateedinburgh-pg0.wisc.cloudlab.us,12090,replicas,bf16,3,65536,65536,65536,15,3,757.57,252.52,80.94,33439.387,1198,1350,1215,398.1,432.0,65,sw_pwr,99.9,34.360,0,0,-1,1107.861,764.490,2221.948,4094.299,15.5,22.5,412.49,45.7,dense,1,4294967296,ok
replicas,1782464625,node0.a100.isolateedinburgh-pg0.wisc.cloudlab.us,12090,replicas,bf16,4,65536,65536,65536,15,3,1010.10,252.52,80.94,33439.383,1204,1410,1215,382.7,552.9,65,sw_pwr,95.2,34.360,0,0,-1,1376.153,1964.640,2195.457,5536.250,12.5,8.7,406.74,60.3,dense,1,4294967296,ok
fp64_dmma,1782464744,node0.a100.isolateedinburgh-pg0.wisc.cloudlab.us,12090,split,fp64t,1,512,512,512,15,3,8.28,8.28,42.45,0.486,1095,1095,1215,57.4,57.4,30,none,2.0,0.006,1,0,-1,0.848,0.105,0.032,0.985,4.9,19.9,0.27,96.7,dense,1,262144,ok
fp64_dmma,1782464744,node0.a100.isolateedinburgh-pg0.wisc.cloudlab.us,12090,split,fp64t,2,512,512,512,15,3,11.40,5.70,29.22,0.353,1095,1095,1215,57.9,58.7,30,none,1.0,0.004,1,0,-1,0.629,0.063,0.024,0.716,5.0,16.7,0.38,96.7,dense,1,262144,ok
fp64_dmma,1782464745,node0.a100.isolateedinburgh-pg0.wisc.cloudlab.us,12090,split,fp64t,3,512,512,512,15,3,16.88,5.63,28.85,0.239,1095,1095,1215,57.3,59.4,32,none,1.7,0.003,1,0,-1,0.778,0.272,0.015,1.066,3.6,2.6,0.25,98.6,dense,1,262144,ok
fp64_dmma,1782464745,node0.a100.isolateedinburgh-pg0.wisc.cloudlab.us,12090,split,fp64t,4,512,512,512,15,3,17.17,4.29,22.01,0.234,1095,1095,1215,56.2,57.1,31,none,1.2,0.003,1,0,-1,0.953,0.214,0.016,1.182,2.8,2.5,0.23,98.7,dense,1,262144,ok
fp64_dmma,1782464745,node0.a100.isolateedinburgh-pg0.wisc.cloudlab.us,12090,split,fp64t,1,1024,1024,1024,15,3,13.07,13.07,67.02,2.465,1095,1095,1215,57.1,57.1,30,none,1.0,0.025,1,0,-1,3.642,0.377,0.164,4.183,4.6,22.3,0.51,96.1,dense,1,1048576,ok
fp64_dmma,1782464745,node0.a100.isolateedinburgh-pg0.wisc.cloudlab.us,12090,split,fp64t,2,1024,1024,1024,15,3,20.44,10.22,52.41,1.576,1095,1095,1215,56.4,57.1,31,none,1.0,0.017,1,0,-1,3.767,1.610,0.105,5.482,3.3,2.6,0.39,98.1,dense,1,1048576,ok
fp64_dmma,1782464745,node0.a100.isolateedinburgh-pg0.wisc.cloudlab.us,12090,split,fp64t,3,1024,1024,1024,15,3,29.32,9.77,50.11,1.099,1095,1095,1215,56.4,57.1,31,none,1.3,0.014,1,0,-1,3.600,1.070,0.073,4.743,3.1,2.6,0.45,98.5,dense,1,1048576,ok
fp64_dmma,1782464745,node0.a100.isolateedinburgh-pg0.wisc.cloudlab.us,12090,split,fp64t,4,1024,1024,1024,15,3,38.13,9.53,48.88,0.845,1095,1095,1215,56.7,57.9,31,none,1.8,0.013,1,0,-1,4.103,0.815,0.056,4.974,2.6,2.6,0.43,98.9,dense,1,1048576,ok
fp64_dmma,1782464745,node0.a100.isolateedinburgh-pg0.wisc.cloudlab.us,12090,split,fp64t,1,2048,2048,2048,15,3,14.05,14.05,72.06,18.340,1095,1095,1215,57.4,57.4,30,none,5.0,0.101,1,0,-1,5.599,1.576,1.223,8.398,12.0,21.3,2.05,85.4,dense,1,4194304,ok
fp64_dmma,1782464745,node0.a100.isolateedinburgh-pg0.wisc.cloudlab.us,12090,split,fp64t,2,2048,2048,2048,15,3,27.38,13.69,70.21,9.412,1095,1095,1215,105.4,155.3,32,none,10.0,0.067,1,0,-1,3.737,0.754,0.627,5.118,13.5,22.2,3.36,87.7,dense,1,4194304,ok
fp64_dmma,1782464746,node0.a100.isolateedinburgh-pg0.wisc.cloudlab.us,12090,split,fp64t,3,2048,2048,2048,15,3,38.72,12.91,66.19,6.655,1095,1095,1215,56.4,57.4,31,none,8.8,0.056,1,0,-1,6.651,0.550,0.443,7.645,6.7,20.3,2.25,94.2,dense,1,4194304,ok
fp64_dmma,1782464746,node0.a100.isolateedinburgh-pg0.wisc.cloudlab.us,12090,split,fp64t,4,2048,2048,2048,15,3,53.40,13.35,68.46,4.826,1095,1095,1215,56.9,57.8,32,none,8.0,0.050,1,0,-1,8.897,0.864,0.321,10.083,4.7,9.7,1.70,96.8,dense,1,4194304,ok
fp64_dmma,1782464746,node0.a100.isolateedinburgh-pg0.wisc.cloudlab.us,12090,split,fp64t,1,4096,4096,4096,15,3,14.98,14.98,76.84,137.596,1095,1095,1215,102.2,205.4,35,none,10.5,0.403,1,0,-1,15.211,4.977,9.173,29.361,17.6,27.0,4.68,68.8,dense,1,16777216,ok
fp64_dmma,1782464746,node0.a100.isolateedinburgh-pg0.wisc.cloudlab.us,12090,split,fp64t,2,4096,4096,4096,15,3,27.40,13.70,70.26,75.235,1233,1410,1215,78.2,290.6,37,none,4.1,0.268,1,0,-1,13.898,2.994,5.016,21.907,14.5,22.4,6.27,77.1,dense,1,16777216,ok
fp64_dmma,1782464747,node0.a100.isolateedinburgh-pg0.wisc.cloudlab.us,12090,split,fp64t,3,4096,4096,4096,15,3,41.04,13.68,70.15,50.234,1182,1410,1215,61.0,74.3,32,none,9.7,0.224,1,0,-1,17.193,9.324,3.349,29.865,10.4,4.8,4.60,88.8,dense,1,16777216,ok
fp64_dmma,1782464747,node0.a100.isolateedinburgh-pg0.wisc.cloudlab.us,12090,split,fp64t,4,4096,4096,4096,15,3,59.10,14.78,75.77,34.881,1163,1410,1215,59.6,73.6,32,none,15.6,0.201,1,0,-1,23.026,8.593,2.325,33.944,7.3,3.9,4.05,93.1,dense,1,16777216,ok
fp64_dmma,1782464748,node0.a100.isolateedinburgh-pg0.wisc.cloudlab.us,12090,split,fp64t,1,8192,8192,8192,15,3,19.37,19.37,99.31,851.631,1391,1410,1215,365.7,381.8,48,none,95.0,1.611,1,0,-1,50.296,20.048,56.775,127.119,21.3,26.8,8.65,55.3,dense,1,67108864,ok
fp64_dmma,1782464751,node0.a100.isolateedinburgh-pg0.wisc.cloudlab.us,12090,split,fp64t,2,8192,8192,8192,15,3,38.68,19.34,99.18,426.381,1386,1410,1215,317.1,371.0,46,none,68.5,1.074,1,0,-1,43.925,10.030,28.414,82.369,18.3,26.8,13.35,65.5,dense,1,67108864,ok
fp64_dmma,1782464753,node0.a100.isolateedinburgh-pg0.wisc.cloudlab.us,12090,split,fp64t,3,8192,8192,8192,15,3,53.18,17.73,90.90,310.135,1349,1410,1215,269.6,372.9,44,none,41.1,0.895,1,0,-1,57.170,22.424,20.676,100.270,12.5,8.0,10.97,79.4,dense,1,67108864,ok
fp64_dmma,1782464754,node0.a100.isolateedinburgh-pg0.wisc.cloudlab.us,12090,split,fp64t,4,8192,8192,8192,15,3,74.01,18.50,94.89,222.836,1377,1410,1215,182.2,316.2,42,none,22.2,0.805,1,0,-1,58.922,21.273,14.730,94.926,11.4,6.3,11.58,84.5,dense,1,67108864,ok
fp64_dmma,1782464757,node0.a100.isolateedinburgh-pg0.wisc.cloudlab.us,12090,split,fp64t,1,16384,16384,16384,15,3,19.41,19.41,99.56,6796.192,1410,1410,1215,393.1,410.1,56,sw_pwr,100.0,6.442,1,0,-1,199.236,81.553,453.079,733.868,21.6,26.3,11.99,38.3,dense,1,268435456,ok
fp64_dmma,1782464771,node0.a100.isolateedinburgh-pg0.wisc.cloudlab.us,12090,split,fp64t,2,16384,16384,16384,15,3,38.74,19.37,99.33,3406.081,1410,1410,1215,337.8,352.2,53,none,99.8,4.295,1,0,-1,160.043,41.290,227.072,428.405,20.1,26.0,20.53,47.0,dense,1,268435456,ok
fp64_dmma,1782464781,node0.a100.isolateedinburgh-pg0.wisc.cloudlab.us,12090,split,fp64t,3,16384,16384,16384,15,3,57.71,19.24,98.65,2286.284,1410,1410,1215,337.3,345.0,52,none,99.7,3.579,1,0,-1,199.615,72.493,152.156,424.265,14.3,9.9,20.73,64.1,dense,1,268435456,ok
fp64_dmma,1782464789,node0.a100.isolateedinburgh-pg0.wisc.cloudlab.us,12090,split,fp64t,4,16384,16384,16384,15,3,77.45,19.36,99.30,1703.502,1410,1410,1215,330.3,343.8,51,none,98.8,3.221,1,0,-1,247.215,60.936,113.442,421.593,10.9,8.8,20.86,73.1,dense,1,268435456,ok
fp64_dmma,1782464802,node0.a100.isolateedinburgh-pg0.wisc.cloudlab.us,12090,split,fp64t,1,32768,32768,32768,15,3,19.43,19.43,99.65,54320.152,1410,1410,1215,375.7,384.2,62,none,100.0,25.770,1,0,-1,737.287,356.872,3621.343,4715.502,23.3,24.1,14.92,23.2,dense,1,1073741824,ok
fp64_dmma,1782464889,node0.a100.isolateedinburgh-pg0.wisc.cloudlab.us,12090,split,fp64t,2,32768,32768,32768,15,3,38.80,19.40,99.50,27201.361,1410,1410,1215,369.0,383.3,60,none,100.0,17.180,1,0,-1,602.365,190.160,1813.424,2605.949,21.4,22.6,27.00,30.4,dense,1,1073741824,ok
fp64_dmma,1782464943,node0.a100.isolateedinburgh-pg0.wisc.cloudlab.us,12090,split,fp64t,3,32768,32768,32768,15,3,58.06,19.35,99.24,18181.270,1410,1410,1215,355.9,384.2,59,none,97.9,14.317,1,0,-1,776.839,134.436,1210.389,2121.664,14.7,21.3,33.17,43.0,dense,1,1073741824,ok
fp64_dmma,1782464986,node0.a100.isolateedinburgh-pg0.wisc.cloudlab.us,12090,split,fp64t,4,32768,32768,32768,15,3,77.55,19.39,99.43,13610.419,1410,1410,1215,351.0,381.0,61,none,98.2,12.885,1,0,-1,972.493,140.624,906.451,2019.568,11.0,15.3,34.84,55.1,dense,1,1073741824,ok
fp64_dmma,1782465046,node0.a100.isolateedinburgh-pg0.wisc.cloudlab.us,12090,split,fp64t,1,65536,65536,65536,15,3,0,0,0,0,0,0,0,0,0,0,none,0,103.079,1,0,-1,0,0,0,0,0,0,0,0,dense,1,4294967296,oom-skip
fp64_dmma,1782465046,node0.a100.isolateedinburgh-pg0.wisc.cloudlab.us,12090,split,fp64t,2,65536,65536,65536,15,3,0,0,0,0,0,0,0,0,0,0,none,0,68.719,1,0,-1,0,0,0,0,0,0,0,0,dense,1,4294967296,oom-skip
fp64_dmma,1782465046,node0.a100.isolateedinburgh-pg0.wisc.cloudlab.us,12090,split,fp64t,3,65536,65536,65536,15,3,0,0,0,0,0,0,0,0,0,0,none,0,57.267,1,0,-1,0,0,0,0,0,0,0,0,dense,1,4294967296,oom-skip
fp64_dmma,1782465046,node0.a100.isolateedinburgh-pg0.wisc.cloudlab.us,12090,split,fp64t,4,65536,65536,65536,15,3,0,0,0,0,0,0,0,0,0,0,none,0,51.540,1,0,-1,0,0,0,0,0,0,0,0,dense,1,4294967296,oom-skip
sparse,1782465055,node0.a100.isolateedinburgh-pg0.wisc.cloudlab.us,12090,split,fp32,1,1024,1024,1024,15,3,0.25,0.25,0.00,1.274,1095,1095,1215,57.1,57.1,31,none,0.0,0.008,0,1,4.38e-06,0.887,0.194,0.085,1.166,4.8,21.6,0.02,92.7,sparse,0.01,10240,ok
sparse,1782465055,node0.a100.isolateedinburgh-pg0.wisc.cloudlab.us,12090,split,fp32,2,1024,1024,1024,15,3,0.42,0.21,0.00,0.740,1095,1095,1215,58.7,58.9,31,none,0.0,0.004,0,1,2.44e-06,0.457,0.109,0.049,0.615,4.8,19.3,0.03,92.0,sparse,0.01,10240,ok
sparse,1782465055,node0.a100.isolateedinburgh-pg0.wisc.cloudlab.us,12090,split,fp32,3,1024,1024,1024,15,3,0.55,0.18,0.00,0.574,1095,1095,1215,57.0,57.6,33,none,0.3,0.003,0,1,8.61e-05,0.459,0.534,0.037,1.030,3.2,2.6,0.02,96.4,sparse,0.01,10240,ok
sparse,1782465055,node0.a100.isolateedinburgh-pg0.wisc.cloudlab.us,12090,split,fp32,4,1024,1024,1024,15,3,0.60,0.15,0.00,0.523,1095,1095,1215,56.5,57.4,33,none,1.0,0.002,0,1,7.41e-06,0.405,0.404,0.035,0.844,2.8,2.6,0.02,95.9,sparse,0.01,10240,ok
sparse,1782465056,node0.a100.isolateedinburgh-pg0.wisc.cloudlab.us,12090,split,fp64,1,1024,1024,1024,15,3,0.16,0.16,0.00,1.998,1095,1095,1215,56.9,56.9,31,none,1.0,0.017,0,1,0,1.813,3.189,0.133,5.135,4.7,2.6,0.00,97.4,sparse,0.01,10240,ok
sparse,1782465056,node0.a100.isolateedinburgh-pg0.wisc.cloudlab.us,12090,split,fp64,2,1024,1024,1024,15,3,0.27,0.14,0.00,1.148,1095,1095,1215,56.9,56.9,31,none,1.0,0.009,0,1,0,0.354,0.412,0.077,0.843,12.2,10.2,0.02,90.9,sparse,0.01,10240,ok
sparse,1782465056,node0.a100.isolateedinburgh-pg0.wisc.cloudlab.us,12090,split,fp64,3,1024,1024,1024,15,3,0.38,0.13,0.00,0.831,1095,1095,1215,56.3,57.1,33,none,2.0,0.006,0,1,0,0.234,0.275,0.055,0.563,12.5,10.2,0.04,90.2,sparse,0.01,10240,ok
sparse,1782465056,node0.a100.isolateedinburgh-pg0.wisc.cloudlab.us,12090,split,fp64,4,1024,1024,1024,15,3,0.44,0.11,0.00,0.708,1095,1095,1215,56.0,57.1,33,none,1.5,0.004,0,1,0,0.544,0.804,0.047,1.394,4.1,2.6,0.02,96.7,sparse,0.01,10240,ok
sparse,1782465056,node0.a100.isolateedinburgh-pg0.wisc.cloudlab.us,12090,split,fp32,1,1024,1024,1024,15,3,0.41,0.41,0.00,3.950,1095,1095,1215,57.1,57.1,31,none,1.0,0.009,0,1,1.33e-05,1.186,1.602,0.263,3.051,3.9,2.6,0.04,91.4,sparse,0.05,52224,ok
sparse,1782465056,node0.a100.isolateedinburgh-pg0.wisc.cloudlab.us,12090,split,fp32,2,1024,1024,1024,15,3,0.74,0.37,0.00,2.158,1095,1095,1215,56.9,57.6,31,none,1.0,0.005,0,1,1.34e-05,0.887,0.103,0.144,1.134,2.8,20.4,0.09,87.3,sparse,0.05,52224,ok
sparse,1782465056,node0.a100.isolateedinburgh-pg0.wisc.cloudlab.us,12090,split,fp32,3,1024,1024,1024,15,3,1.00,0.33,0.00,1.606,1095,1095,1215,58.4,60.2,33,none,0.3,0.003,0,1,4.2e-05,0.743,0.540,0.107,1.390,2.4,2.6,0.08,92.3,sparse,0.05,52224,ok
sparse,1782465056,node0.a100.isolateedinburgh-pg0.wisc.cloudlab.us,12090,split,fp32,4,1024,1024,1024,15,3,1.24,0.31,0.00,1.291,1095,1095,1215,57.5,60.2,33,none,1.2,0.003,0,1,5.85e-05,0.802,0.603,0.086,1.491,1.8,1.7,0.07,94.2,sparse,0.05,52224,ok
sparse,1782465056,node0.a100.isolateedinburgh-pg0.wisc.cloudlab.us,12090,split,fp64,1,1024,1024,1024,15,3,0.20,0.20,0.00,8.137,1095,1095,1215,60.2,60.2,31,none,0.0,0.017,0,1,0,1.966,3.530,0.542,6.039,4.6,2.4,0.02,91.0,sparse,0.05,52224,ok
sparse,1782465056,node0.a100.isolateedinburgh-pg0.wisc.cloudlab.us,12090,split,fp64,2,1024,1024,1024,15,3,0.38,0.19,0.00,4.212,1095,1095,1215,69.5,70.7,32,none,0.0,0.009,0,1,0,1.069,1.583,0.281,2.934,4.5,2.6,0.04,90.4,sparse,0.05,52224,ok
sparse,1782465056,node0.a100.isolateedinburgh-pg0.wisc.cloudlab.us,12090,split,fp64,3,1024,1024,1024,15,3,0.55,0.18,0.00,2.912,1095,1095,1215,65.1,70.7,33,none,0.3,0.006,0,1,0,0.755,1.540,0.194,2.489,4.5,1.8,0.04,92.2,sparse,0.05,52224,ok
sparse,1782465056,node0.a100.isolateedinburgh-pg0.wisc.cloudlab.us,12090,split,fp64,4,1024,1024,1024,15,3,0.71,0.18,0.00,2.264,1095,1095,1215,71.7,82.7,33,none,7.0,0.005,0,1,0,0.980,0.805,0.151,1.936,2.8,2.6,0.06,92.2,sparse,0.05,52224,ok
sparse,1782465056,node0.a100.isolateedinburgh-pg0.wisc.cloudlab.us,12090,split,fp32,1,1024,1024,1024,15,3,0.51,0.51,0.00,6.273,1095,1095,1215,82.7,82.7,31,none,14.0,0.009,0,1,7.5e-05,0.900,1.576,0.418,2.894,5.6,2.7,0.07,85.5,sparse,0.1,104448,ok
sparse,1782465056,node0.a100.isolateedinburgh-pg0.wisc.cloudlab.us,12090,split,fp32,2,1024,1024,1024,15,3,0.97,0.48,0.00,3.319,1095,1095,1215,79.8,82.7,31,none,10.0,0.005,0,1,4.86e-06,0.746,0.103,0.221,1.071,3.9,20.3,0.20,79.3,sparse,0.1,104448,ok
sparse,1782465056,node0.a100.isolateedinburgh-pg0.wisc.cloudlab.us,12090,split,fp32,3,1024,1024,1024,15,3,1.40,0.47,0.00,2.298,1095,1095,1215,77.3,82.7,33,none,8.3,0.004,0,1,7.27e-06,0.717,0.541,0.153,1.411,3.1,2.6,0.15,89.2,sparse,0.1,104448,ok
sparse,1782465056,node0.a100.isolateedinburgh-pg0.wisc.cloudlab.us,12090,split,fp32,4,1024,1024,1024,15,3,1.79,0.45,0.00,1.797,1095,1095,1215,65.8,82.7,33,none,7.0,0.003,0,1,0.000141,0.764,0.600,0.120,1.484,2.5,1.7,0.14,91.9,sparse,0.1,104448,ok
sparse,1782465056,node0.a100.isolateedinburgh-pg0.wisc.cloudlab.us,12090,split,fp64,1,1024,1024,1024,15,3,0.28,0.28,0.00,11.582,1095,1095,1215,65.7,65.7,32,none,14.0,0.018,0,1,0,2.061,3.140,0.772,5.973,4.7,2.7,0.04,87.1,sparse,0.1,104448,ok
sparse,1782465056,node0.a100.isolateedinburgh-pg0.wisc.cloudlab.us,12090,split,fp64,2,1024,1024,1024,15,3,0.54,0.27,0.00,5.935,1095,1095,1215,60.7,65.7,32,none,11.5,0.010,0,1,0,1.261,1.586,0.396,3.243,4.3,2.6,0.07,87.8,sparse,0.1,104448,ok
sparse,1782465056,node0.a100.isolateedinburgh-pg0.wisc.cloudlab.us,12090,split,fp64,3,1024,1024,1024,15,3,0.79,0.26,0.00,4.072,1095,1095,1215,58.8,61.8,33,none,10.0,0.007,0,1,0,1.331,1.063,0.271,2.665,3.0,2.6,0.08,89.8,sparse,0.1,104448,ok
sparse,1782465056,node0.a100.isolateedinburgh-pg0.wisc.cloudlab.us,12090,split,fp64,4,1024,1024,1024,15,3,1.02,0.25,0.00,3.160,1095,1095,1215,63.3,70.7,33,none,8.2,0.005,0,1,0,1.173,0.806,0.210,2.189,2.9,2.6,0.10,90.4,sparse,0.1,104448,ok
sparse,1782465056,node0.a100.isolateedinburgh-pg0.wisc.cloudlab.us,12090,split,fp32,1,1024,1024,1024,15,3,0.53,0.53,0.00,15.242,1095,1095,1215,70.7,70.7,32,none,17.0,0.010,0,1,4.1e-06,1.513,1.574,1.016,4.103,4.2,2.7,0.13,75.2,sparse,0.25,262144,ok
sparse,1782465056,node0.a100.isolateedinburgh-pg0.wisc.cloudlab.us,12090,split,fp32,2,1024,1024,1024,15,3,1.03,0.52,0.00,7.804,1095,1095,1215,67.4,70.7,32,none,12.5,0.006,0,1,9.64e-06,1.156,0.104,0.520,1.781,3.6,20.2,0.30,70.8,sparse,0.25,262144,ok
sparse,1782465056,node0.a100.isolateedinburgh-pg0.wisc.cloudlab.us,12090,split,fp32,3,1024,1024,1024,15,3,1.51,0.50,0.00,5.339,1095,1095,1215,66.2,70.7,33,none,10.0,0.005,0,1,7.06e-06,1.231,0.564,0.356,2.151,2.8,2.5,0.25,83.5,sparse,0.25,262144,ok
sparse,1782465056,node0.a100.isolateedinburgh-pg0.wisc.cloudlab.us,12090,split,fp32,4,1024,1024,1024,15,3,2.01,0.50,0.00,4.009,1095,1095,1215,59.9,66.5,33,none,12.0,0.004,0,1,2.06e-05,1.754,0.408,0.267,2.429,1.8,2.6,0.22,89.0,sparse,0.25,262144,ok
sparse,1782465056,node0.a100.isolateedinburgh-pg0.wisc.cloudlab.us,12090,split,fp64,1,1024,1024,1024,15,3,0.31,0.31,0.00,25.695,1095,1095,1215,66.5,66.5,33,none,26.0,0.020,0,1,0,2.822,0.420,1.713,4.955,4.1,20.0,0.11,65.4,sparse,0.25,262144,ok
sparse,1782465056,node0.a100.isolateedinburgh-pg0.wisc.cloudlab.us,12090,split,fp64,2,1024,1024,1024,15,3,0.62,0.31,0.00,12.991,1095,1095,1215,66.5,69.6,34,none,19.0,0.012,0,1,0,2.430,1.623,0.866,4.918,3.0,2.6,0.11,82.4,sparse,0.25,262144,ok
sparse,1782465057,node0.a100.isolateedinburgh-pg0.wisc.cloudlab.us,12090,split,fp64,3,1024,1024,1024,15,3,0.91,0.30,0.00,8.818,1095,1095,1215,65.6,75.3,34,none,17.1,0.009,0,1,0,1.688,1.098,0.586,3.372,3.5,2.5,0.16,82.6,sparse,0.25,262144,ok
sparse,1782465057,node0.a100.isolateedinburgh-pg0.wisc.cloudlab.us,12090,split,fp64,4,1024,1024,1024,15,3,1.21,0.30,0.00,6.648,1095,1095,1215,61.6,75.3,33,none,15.8,0.007,0,1,0,2.018,0.842,0.443,3.303,2.6,2.5,0.16,86.6,sparse,0.25,262144,ok
sparse,1782465057,node0.a100.isolateedinburgh-pg0.wisc.cloudlab.us,12090,split,fp32,1,2048,2048,2048,15,3,0.23,0.23,0.00,11.126,1095,1095,1215,67.5,67.5,32,none,29.0,0.034,0,1,1.41e-05,1.248,1.575,0.742,3.565,13.7,10.6,0.05,79.2,sparse,0.01,40960,ok
sparse,1782465057,node0.a100.isolateedinburgh-pg0.wisc.cloudlab.us,12090,split,fp32,2,2048,2048,2048,15,3,0.44,0.22,0.00,5.732,1095,1095,1215,64.8,67.5,32,none,23.5,0.017,0,1,1.41e-05,0.893,0.387,0.382,1.662,9.8,21.7,0.10,77.0,sparse,0.01,40960,ok
sparse,1782465057,node0.a100.isolateedinburgh-pg0.wisc.cloudlab.us,12090,split,fp32,3,2048,2048,2048,15,3,0.63,0.21,0.00,3.965,1095,1095,1215,65.5,67.5,33,none,19.0,0.012,0,1,0.00154,0.738,0.537,0.264,1.539,8.0,10.4,0.11,82.8,sparse,0.01,40960,ok
sparse,1782465057,node0.a100.isolateedinburgh-pg0.wisc.cloudlab.us,12090,split,fp32,4,2048,2048,2048,15,3,0.78,0.20,0.00,3.222,1095,1095,1215,77.5,126.9,33,none,15.5,0.009,0,1,0.000287,3.025,1.621,0.203,4.848,1.5,2.6,0.03,95.8,sparse,0.01,40960,ok
sparse,1782465057,node0.a100.isolateedinburgh-pg0.wisc.cloudlab.us,12090,split,fp64,1,2048,2048,2048,15,3,0.16,0.16,0.00,16.209,1095,1095,1215,126.9,126.9,32,none,34.0,0.068,0,1,0,2.391,3.144,1.081,6.615,14.2,10.7,0.03,83.7,sparse,0.01,40960,ok
sparse,1782465057,node0.a100.isolateedinburgh-pg0.wisc.cloudlab.us,12090,split,fp64,2,2048,2048,2048,15,3,0.30,0.15,0.00,8.319,1095,1095,1215,60.6,62.4,32,none,25.0,0.034,0,1,0,3.596,4.915,0.555,9.066,4.8,3.4,0.02,93.9,sparse,0.01,40960,ok
sparse,1782465057,node0.a100.isolateedinburgh-pg0.wisc.cloudlab.us,12090,split,fp64,3,2048,2048,2048,15,3,0.45,0.15,0.00,5.631,1095,1095,1215,57.5,60.8,33,none,16.0,0.023,0,1,0,1.530,0.500,0.375,2.405,7.6,22.3,0.07,84.4,sparse,0.01,40960,ok
sparse,1782465057,node0.a100.isolateedinburgh-pg0.wisc.cloudlab.us,12090,split,fp64,4,2048,2048,2048,15,3,0.58,0.15,0.00,4.330,1095,1095,1215,63.1,81.5,33,none,14.5,0.017,0,1,0,1.671,0.837,0.288,2.796,5.3,10.0,0.06,89.7,sparse,0.01,40960,ok
sparse,1782465057,node0.a100.isolateedinburgh-pg0.wisc.cloudlab.us,12090,split,fp32,1,2048,2048,2048,15,3,0.45,0.45,0.00,28.242,1095,1095,1215,57.9,57.9,32,none,23.0,0.035,0,1,7.68e-06,1.568,5.021,1.883,8.472,11.8,3.3,0.10,77.8,sparse,0.05,208896,ok
sparse,1782465057,node0.a100.isolateedinburgh-pg0.wisc.cloudlab.us,12090,split,fp32,2,2048,2048,2048,15,3,0.89,0.45,0.00,14.417,1095,1095,1215,57.1,57.9,32,none,15.5,0.018,0,1,2.45e-05,1.408,0.386,0.960,2.754,7.1,21.8,0.31,65.1,sparse,0.05,208896,ok
sparse,1782465057,node0.a100.isolateedinburgh-pg0.wisc.cloudlab.us,12090,split,fp32,3,2048,2048,2048,15,3,1.33,0.44,0.00,9.666,1095,1095,1215,87.7,151.1,33,none,11.3,0.013,0,1,1.46e-05,1.055,0.541,0.644,2.240,6.9,10.3,0.38,71.2,sparse,0.05,208896,ok
sparse,1782465057,node0.a100.isolateedinburgh-pg0.wisc.cloudlab.us,12090,split,fp32,4,2048,2048,2048,15,3,1.75,0.44,0.00,7.326,1095,1095,1215,79.5,151.1,33,none,8.5,0.010,0,1,4.52e-05,1.061,1.789,0.488,3.338,5.5,2.3,0.26,85.4,sparse,0.05,208896,ok
sparse,1782465057,node0.a100.isolateedinburgh-pg0.wisc.cloudlab.us,12090,split,fp64,1,2048,2048,2048,15,3,0.19,0.19,0.00,69.290,1095,1095,1215,93.1,93.1,33,none,13.0,0.070,0,1,0,3.009,6.760,4.619,14.389,12.0,5.0,0.06,67.9,sparse,0.05,208896,ok
sparse,1782465057,node0.a100.isolateedinburgh-pg0.wisc.cloudlab.us,12090,split,fp64,2,2048,2048,2048,15,3,0.35,0.18,0.00,36.274,1123,1155,1215,64.3,144.4,35,none,30.6,0.036,0,1,0,2.182,1.170,2.179,5.532,8.8,14.3,0.15,60.6,sparse,0.05,208896,ok
sparse,1782465058,node0.a100.isolateedinburgh-pg0.wisc.cloudlab.us,12090,split,fp64,3,2048,2048,2048,15,3,0.53,0.18,0.00,24.276,1188,1410,1215,132.8,222.3,33,none,24.4,0.025,0,1,0,1.619,0.511,1.614,3.744,8.5,21.8,0.23,56.9,sparse,0.05,208896,ok
sparse,1782465058,node0.a100.isolateedinburgh-pg0.wisc.cloudlab.us,12090,split,fp64,4,2048,2048,2048,15,3,0.70,0.17,0.00,18.339,1160,1410,1215,105.8,190.2,33,none,17.2,0.019,0,1,0,3.046,0.798,1.222,5.066,3.6,10.5,0.17,75.9,sparse,0.05,208896,ok
sparse,1782465058,node0.a100.isolateedinburgh-pg0.wisc.cloudlab.us,12090,split,fp32,1,2048,2048,2048,15,3,0.68,0.68,0.00,38.130,1410,1410,1215,72.8,72.8,34,none,59.0,0.037,0,1,1.99e-06,1.534,5.401,2.542,9.477,13.1,3.1,0.18,73.2,sparse,0.1,419840,ok
sparse,1782465058,node0.a100.isolateedinburgh-pg0.wisc.cloudlab.us,12090,split,fp32,2,2048,2048,2048,15,3,1.05,0.52,0.00,24.626,1238,1410,1215,70.5,77.6,34,none,37.5,0.020,0,1,6.15e-06,1.117,0.384,1.642,3.143,10.5,21.9,0.55,47.8,sparse,0.1,419840,ok
sparse,1782465058,node0.a100.isolateedinburgh-pg0.wisc.cloudlab.us,12090,split,fp32,3,2048,2048,2048,15,3,1.56,0.52,0.00,16.505,1183,1410,1215,126.2,306.6,36,none,23.6,0.015,0,1,3.76e-06,1.068,0.535,1.100,2.704,8.4,10.4,0.64,59.3,sparse,0.1,419840,ok
sparse,1782465058,node0.a100.isolateedinburgh-pg0.wisc.cloudlab.us,12090,split,fp32,4,2048,2048,2048,15,3,2.08,0.52,0.00,12.387,1156,1410,1215,103.9,306.6,36,none,19.7,0.012,0,1,1.33e-05,1.167,1.802,0.826,3.794,6.5,2.3,0.45,78.2,sparse,0.1,419840,ok
sparse,1782465058,node0.a100.isolateedinburgh-pg0.wisc.cloudlab.us,12090,split,fp64,1,2048,2048,2048,15,3,0.30,0.30,0.00,87.218,1410,1410,1215,157.9,195.9,40,none,32.7,0.072,0,1,0,3.268,1.739,5.815,10.822,11.8,19.3,0.16,46.3,sparse,0.1,419840,ok
sparse,1782465058,node0.a100.isolateedinburgh-pg0.wisc.cloudlab.us,12090,split,fp64,2,2048,2048,2048,15,3,0.46,0.23,0.00,55.999,1234,1410,1215,92.9,140.1,37,none,42.5,0.039,0,1,0,1.640,0.749,3.733,6.122,13.3,22.4,0.28,39.0,sparse,0.1,419840,ok
sparse,1782465058,node0.a100.isolateedinburgh-pg0.wisc.cloudlab.us,12090,split,fp64,3,2048,2048,2048,15,3,0.69,0.23,0.00,37.278,1184,1410,1215,156.4,292.9,37,none,22.3,0.027,0,1,0,1.985,1.070,2.482,5.536,8.2,10.4,0.31,55.2,sparse,0.1,419840,ok
sparse,1782465058,node0.a100.isolateedinburgh-pg0.wisc.cloudlab.us,12090,split,fp64,4,2048,2048,2048,15,3,0.92,0.23,0.00,27.921,1160,1410,1215,80.2,172.7,39,none,21.2,0.022,0,1,0,2.458,1.182,1.861,5.500,5.5,7.1,0.31,66.2,sparse,0.1,419840,ok
sparse,1782465059,node0.a100.isolateedinburgh-pg0.wisc.cloudlab.us,12090,split,fp32,1,2048,2048,2048,15,3,0.76,0.76,0.00,84.906,1410,1410,1215,80.5,83.0,40,none,33.0,0.042,0,1,3.93e-05,2.326,1.490,5.660,9.476,10.8,11.3,0.45,40.3,sparse,0.25,1048576,ok
sparse,1782465059,node0.a100.isolateedinburgh-pg0.wisc.cloudlab.us,12090,split,fp32,2,2048,2048,2048,15,3,1.23,0.62,0.00,52.243,1261,1410,1215,162.2,341.2,40,none,37.2,0.025,0,1,0.000122,4.595,0.361,3.483,8.438,3.7,23.2,0.51,58.7,sparse,0.25,1048576,ok
sparse,1782465059,node0.a100.isolateedinburgh-pg0.wisc.cloudlab.us,12090,split,fp32,3,2048,2048,2048,15,3,1.77,0.59,0.00,36.350,1201,1410,1215,147.0,341.2,39,none,33.2,0.020,0,1,3.64e-05,4.667,0.539,2.423,7.630,3.0,10.4,0.56,68.2,sparse,0.25,1048576,ok
sparse,1782465059,node0.a100.isolateedinburgh-pg0.wisc.cloudlab.us,12090,split,fp32,4,2048,2048,2048,15,3,2.36,0.59,0.00,27.297,1173,1410,1215,101.8,169.3,40,none,29.3,0.017,0,1,2.35e-05,2.031,0.410,1.819,4.261,6.2,10.2,1.01,57.3,sparse,0.25,1048576,ok
sparse,1782465059,node0.a100.isolateedinburgh-pg0.wisc.cloudlab.us,12090,split,fp64,1,2048,2048,2048,15,3,0.39,0.39,0.00,165.469,1410,1410,1215,318.2,346.9,45,none,77.6,0.080,0,1,0,3.457,1.661,11.031,16.149,13.3,20.2,0.27,31.7,sparse,0.25,1048576,ok
sparse,1782465059,node0.a100.isolateedinburgh-pg0.wisc.cloudlab.us,12090,split,fp64,2,2048,2048,2048,15,3,0.69,0.34,0.00,93.697,1323,1410,1215,105.2,336.2,44,none,40.8,0.046,0,1,0,4.714,0.686,6.246,11.646,6.2,24.4,0.37,46.4,sparse,0.25,1048576,ok
sparse,1782465059,node0.a100.isolateedinburgh-pg0.wisc.cloudlab.us,12090,split,fp64,3,2048,2048,2048,15,3,0.91,0.30,0.00,71.008,1236,1410,1215,67.0,83.0,38,none,26.7,0.035,0,1,0,3.112,4.227,4.734,12.073,7.6,2.6,0.36,60.8,sparse,0.25,1048576,ok
sparse,1782465060,node0.a100.isolateedinburgh-pg0.wisc.cloudlab.us,12090,split,fp64,4,2048,2048,2048,15,3,1.21,0.30,0.00,53.233,1244,1410,1215,110.2,320.9,41,none,26.0,0.029,0,1,0,4.045,3.322,2.858,10.224,5.2,2.5,0.42,72.1,sparse,0.25,1048576,ok
sparse,1782465060,node0.a100.isolateedinburgh-pg0.wisc.cloudlab.us,12090,split,fp32,1,4096,4096,4096,15,3,0.24,0.24,0.00,87.401,1410,1410,1215,83.0,114.2,38,none,36.0,0.136,0,0,-1,4.866,3.334,5.827,14.027,14.1,20.1,0.10,58.5,sparse,0.01,167936,ok
sparse,1782465060,node0.a100.isolateedinburgh-pg0.wisc.cloudlab.us,12090,split,fp32,2,4096,4096,4096,15,3,0.47,0.23,0.00,44.032,1410,1410,1215,176.4,274.0,39,none,26.0,0.068,0,0,-1,10.617,1.315,2.933,14.866,3.3,25.5,0.09,80.3,sparse,0.01,167936,ok
sparse,1782465060,node0.a100.isolateedinburgh-pg0.wisc.cloudlab.us,12090,split,fp32,3,4096,4096,4096,15,3,0.70,0.23,0.00,29.438,1410,1410,1215,176.3,232.5,39,none,24.7,0.046,0,0,-1,5.479,2.122,1.960,9.561,4.3,10.5,0.14,79.5,sparse,0.01,167936,ok
sparse,1782465060,node0.a100.isolateedinburgh-pg0.wisc.cloudlab.us,12090,split,fp32,4,4096,4096,4096,15,3,0.73,0.18,0.00,28.412,1316,1410,1215,137.8,228.3,38,none,17.3,0.035,0,0,-1,4.384,7.149,1.472,13.005,4.1,2.3,0.11,88.7,sparse,0.01,167936,ok
sparse,1782465060,node0.a100.isolateedinburgh-pg0.wisc.cloudlab.us,12090,split,fp64,1,4096,4096,4096,15,3,0.20,0.20,0.00,102.582,1410,1410,1215,161.7,294.3,40,none,53.0,0.270,0,0,-1,7.166,4.990,6.839,18.995,19.0,26.9,0.07,64.0,sparse,0.01,167936,ok
sparse,1782465061,node0.a100.isolateedinburgh-pg0.wisc.cloudlab.us,12090,split,fp64,2,4096,4096,4096,15,3,0.40,0.20,0.00,51.500,1410,1410,1215,72.4,73.3,35,none,24.5,0.136,0,0,-1,6.062,3.059,3.433,12.555,11.4,21.9,0.11,72.7,sparse,0.01,167936,ok
sparse,1782465061,node0.a100.isolateedinburgh-pg0.wisc.cloudlab.us,12090,split,fp64,3,4096,4096,4096,15,3,0.60,0.20,0.00,34.393,1410,1410,1215,71.7,72.8,34,none,16.7,0.092,0,0,-1,4.663,8.258,2.288,15.209,10.0,5.4,0.09,85.0,sparse,0.01,167936,ok
sparse,1782465061,node0.a100.isolateedinburgh-pg0.wisc.cloudlab.us,12090,split,fp64,4,4096,4096,4096,15,3,0.62,0.16,0.00,33.138,1314,1410,1215,67.0,74.3,34,none,18.6,0.069,0,0,-1,5.763,7.991,1.721,15.475,6.2,4.2,0.09,88.9,sparse,0.01,167936,ok
sparse,1782465062,node0.a100.isolateedinburgh-pg0.wisc.cloudlab.us,12090,split,fp32,1,4096,4096,4096,15,3,0.34,0.34,0.00,303.164,1410,1410,1215,301.7,326.6,44,none,23.4,0.141,0,0,-1,5.910,5.210,20.211,31.330,12.5,12.9,0.22,35.5,sparse,0.05,839680,ok
sparse,1782465062,node0.a100.isolateedinburgh-pg0.wisc.cloudlab.us,12090,split,fp32,2,4096,4096,4096,15,3,0.54,0.27,0.00,190.878,1235,1410,1215,226.1,315.8,44,none,42.6,0.074,0,0,-1,9.684,1.252,12.725,23.660,4.2,26.8,0.29,46.2,sparse,0.05,839680,ok
sparse,1782465062,node0.a100.isolateedinburgh-pg0.wisc.cloudlab.us,12090,split,fp32,3,4096,4096,4096,15,3,0.79,0.26,0.00,130.459,1287,1410,1215,169.4,305.4,42,none,43.7,0.051,0,0,-1,6.447,8.026,8.697,23.170,4.5,2.8,0.30,62.5,sparse,0.05,839680,ok
sparse,1782465062,node0.a100.isolateedinburgh-pg0.wisc.cloudlab.us,12090,split,fp32,4,4096,4096,4096,15,3,1.05,0.26,0.00,97.805,1295,1410,1215,137.3,282.2,41,none,50.6,0.040,0,0,-1,4.443,7.119,5.057,16.618,5.3,2.4,0.41,69.6,sparse,0.05,839680,ok
sparse,1782465063,node0.a100.isolateedinburgh-pg0.wisc.cloudlab.us,12090,split,fp64,1,4096,4096,4096,15,3,0.21,0.21,0.00,482.463,1410,1410,1215,311.7,312.8,46,none,64.0,0.279,0,0,-1,7.846,5.010,32.164,45.020,18.4,26.8,0.15,28.6,sparse,0.05,839680,ok
sparse,1782465063,node0.a100.isolateedinburgh-pg0.wisc.cloudlab.us,12090,split,fp64,2,4096,4096,4096,15,3,0.43,0.21,0.00,242.084,1410,1410,1215,262.7,312.0,45,none,22.2,0.144,0,0,-1,4.656,2.553,16.139,23.348,16.6,26.3,0.29,30.9,sparse,0.05,839680,ok
sparse,1782465064,node0.a100.isolateedinburgh-pg0.wisc.cloudlab.us,12090,split,fp64,3,4096,4096,4096,15,3,0.64,0.21,0.00,161.384,1410,1410,1215,176.8,297.0,43,none,23.0,0.100,0,0,-1,5.751,10.081,10.741,26.574,9.5,4.4,0.26,59.6,sparse,0.05,839680,ok
sparse,1782465064,node0.a100.isolateedinburgh-pg0.wisc.cloudlab.us,12090,split,fp64,4,4096,4096,4096,15,3,0.69,0.17,0.00,149.110,1323,1410,1215,98.9,200.0,40,none,33.3,0.077,0,0,-1,6.093,8.076,9.941,24.110,7.2,4.2,0.29,58.8,sparse,0.05,839680,ok
sparse,1782465065,node0.a100.isolateedinburgh-pg0.wisc.cloudlab.us,12090,split,fp32,1,4096,4096,4096,15,3,0.54,0.54,0.00,382.178,1410,1410,1215,284.3,375.4,48,none,62.0,0.148,0,0,-1,19.419,5.794,25.479,50.691,4.1,11.6,0.27,49.7,sparse,0.1,1679360,ok
sparse,1782465065,node0.a100.isolateedinburgh-pg0.wisc.cloudlab.us,12090,split,fp32,2,4096,4096,4096,15,3,1.08,0.54,0.00,191.115,1410,1410,1215,195.6,375.1,48,none,39.0,0.081,0,0,-1,10.354,1.760,12.734,24.848,4.5,19.1,0.55,48.8,sparse,0.1,1679360,ok
sparse,1782465066,node0.a100.isolateedinburgh-pg0.wisc.cloudlab.us,12090,split,fp32,3,4096,4096,4096,15,3,1.62,0.54,0.00,127.732,1410,1410,1215,290.1,375.4,48,none,63.0,0.058,0,0,-1,7.675,7.921,8.507,24.102,4.7,2.8,0.57,64.7,sparse,0.1,1679360,ok
sparse,1782465066,node0.a100.isolateedinburgh-pg0.wisc.cloudlab.us,12090,split,fp32,4,4096,4096,4096,15,3,2.16,0.54,0.00,95.685,1410,1410,1215,219.1,374.6,47,none,57.8,0.047,0,0,-1,5.196,6.582,6.370,18.147,5.8,2.5,0.76,64.9,sparse,0.1,1679360,ok
sparse,1782465066,node0.a100.isolateedinburgh-pg0.wisc.cloudlab.us,12090,split,fp64,1,4096,4096,4096,15,3,0.30,0.30,0.00,699.064,1410,1410,1215,354.5,359.2,50,none,83.1,0.289,0,0,-1,13.026,5.055,46.604,64.686,11.9,26.6,0.21,28.0,sparse,0.1,1679360,ok
sparse,1782465067,node0.a100.isolateedinburgh-pg0.wisc.cloudlab.us,12090,split,fp64,2,4096,4096,4096,15,3,0.59,0.30,0.00,349.601,1410,1410,1215,301.9,356.6,49,none,46.6,0.154,0,0,-1,5.566,2.536,23.285,31.386,15.7,26.5,0.44,25.8,sparse,0.1,1679360,ok
sparse,1782465068,node0.a100.isolateedinburgh-pg0.wisc.cloudlab.us,12090,split,fp64,3,4096,4096,4096,15,3,0.74,0.25,0.00,279.656,1316,1410,1215,222.0,359.5,47,none,33.7,0.110,0,0,-1,6.480,10.044,18.644,35.168,10.0,4.5,0.39,47.0,sparse,0.1,1679360,ok
sparse,1782465068,node0.a100.isolateedinburgh-pg0.wisc.cloudlab.us,12090,split,fp64,4,4096,4096,4096,15,3,1.04,0.26,0.00,198.564,1357,1410,1215,217.1,349.5,46,none,35.6,0.087,0,0,-1,8.154,9.033,11.650,28.837,6.6,3.7,0.48,59.6,sparse,0.1,1679360,ok
sparse,1782465069,node0.a100.isolateedinburgh-pg0.wisc.cloudlab.us,12090,split,fp32,1,4096,4096,4096,15,3,0.71,0.71,0.00,730.566,1410,1410,1215,371.8,377.2,52,none,87.3,0.168,0,0,-1,9.125,5.003,48.704,62.833,11.0,13.4,0.55,22.5,sparse,0.25,4194304,ok
sparse,1782465070,node0.a100.isolateedinburgh-pg0.wisc.cloudlab.us,12090,split,fp32,2,4096,4096,4096,15,3,1.41,0.70,0.00,366.344,1410,1410,1215,360.7,377.0,52,none,66.6,0.101,0,0,-1,11.882,1.528,24.420,37.830,5.6,22.0,0.91,35.4,sparse,0.25,4194304,ok
sparse,1782465070,node0.a100.isolateedinburgh-pg0.wisc.cloudlab.us,12090,split,fp32,3,4096,4096,4096,15,3,2.11,0.70,0.00,244.209,1410,1410,1215,286.7,376.7,52,none,52.9,0.078,0,0,-1,9.083,7.417,16.259,32.759,6.2,3.0,1.05,50.4,sparse,0.25,4194304,ok
sparse,1782465071,node0.a100.isolateedinburgh-pg0.wisc.cloudlab.us,12090,split,fp32,4,4096,4096,4096,15,3,2.68,0.67,0.00,192.141,1381,1410,1215,268.5,379.0,51,none,72.8,0.067,0,0,-1,8.181,6.751,11.966,26.897,6.2,2.5,1.28,55.5,sparse,0.25,4194304,ok
sparse,1782465071,node0.a100.isolateedinburgh-pg0.wisc.cloudlab.us,12090,split,fp64,1,4096,4096,4096,15,3,0.32,0.32,0.00,1630.952,1410,1410,1215,326.8,328.0,51,none,100.0,0.319,0,0,-1,10.198,4.982,108.730,123.910,18.1,26.9,0.28,12.3,sparse,0.25,4194304,ok
sparse,1782465073,node0.a100.isolateedinburgh-pg0.wisc.cloudlab.us,12090,split,fp64,2,4096,4096,4096,15,3,0.63,0.31,0.00,824.116,1382,1410,1215,293.9,327.1,51,none,91.4,0.185,0,0,-1,7.167,3.003,54.941,65.110,16.4,22.3,0.53,15.6,sparse,0.25,4194304,ok
sparse,1782465075,node0.a100.isolateedinburgh-pg0.wisc.cloudlab.us,12090,split,fp64,3,4096,4096,4096,15,3,0.95,0.32,0.00,544.331,1403,1410,1215,303.8,326.0,50,none,55.0,0.140,0,0,-1,35.172,9.210,36.266,80.648,2.7,4.9,0.43,55.0,sparse,0.25,4194304,ok
sparse,1782465076,node0.a100.isolateedinburgh-pg0.wisc.cloudlab.us,12090,split,fp64,4,4096,4096,4096,15,3,1.23,0.31,0.00,418.473,1389,1410,1215,277.4,321.0,50,none,39.6,0.117,0,0,-1,10.238,9.581,27.898,47.718,8.2,3.5,0.72,41.5,sparse,0.25,4194304,ok
sparse,1782465077,node0.a100.isolateedinburgh-pg0.wisc.cloudlab.us,12090,split,fp32,1,8192,8192,8192,15,3,0.21,0.21,0.00,792.803,1410,1410,1215,282.7,285.2,48,none,74.9,0.542,0,0,-1,12.849,10.007,52.854,75.709,21.3,26.8,0.15,30.2,sparse,0.01,671744,ok
sparse,1782465078,node0.a100.isolateedinburgh-pg0.wisc.cloudlab.us,12090,split,fp32,2,8192,8192,8192,15,3,0.42,0.21,0.00,395.196,1410,1410,1215,251.6,285.0,47,none,43.4,0.274,0,0,-1,22.653,4.977,26.333,53.963,6.2,27.0,0.20,51.2,sparse,0.01,671744,ok
sparse,1782465079,node0.a100.isolateedinburgh-pg0.wisc.cloudlab.us,12090,split,fp32,3,8192,8192,8192,15,3,0.57,0.19,0.00,287.366,1369,1410,1215,178.9,283.9,47,none,51.4,0.184,0,0,-1,13.104,13.204,19.158,45.465,7.2,6.8,0.24,57.9,sparse,0.01,671744,ok
sparse,1782465079,node0.a100.isolateedinburgh-pg0.wisc.cloudlab.us,12090,split,fp32,4,8192,8192,8192,15,3,0.77,0.19,0.00,213.989,1369,1410,1215,204.1,282.4,45,none,35.2,0.140,0,0,-1,8.594,13.108,14.266,35.967,8.4,5.1,0.31,60.3,sparse,0.01,671744,ok
sparse,1782465080,node0.a100.isolateedinburgh-pg0.wisc.cloudlab.us,12090,split,fp64,1,8192,8192,8192,15,3,0.20,0.20,0.00,845.957,1410,1410,1215,310.5,313.5,49,none,82.9,1.082,0,0,-1,23.579,20.005,56.397,99.981,23.1,26.8,0.11,43.6,sparse,0.01,671744,ok
sparse,1782465082,node0.a100.isolateedinburgh-pg0.wisc.cloudlab.us,12090,split,fp64,2,8192,8192,8192,15,3,0.39,0.19,0.00,428.595,1397,1410,1215,255.8,309.8,47,none,51.5,0.545,0,0,-1,12.481,10.153,28.215,50.849,22.2,26.4,0.22,44.5,sparse,0.01,671744,ok
sparse,1782465083,node0.a100.isolateedinburgh-pg0.wisc.cloudlab.us,12090,split,fp64,3,8192,8192,8192,15,3,0.57,0.19,0.00,289.361,1374,1410,1215,230.4,308.7,44,none,28.6,0.366,0,0,-1,9.792,14.339,18.807,42.938,19.1,12.5,0.26,56.2,sparse,0.01,671744,ok
sparse,1782465084,node0.a100.isolateedinburgh-pg0.wisc.cloudlab.us,12090,split,fp64,4,8192,8192,8192,15,3,0.68,0.17,0.00,243.589,1343,1410,1215,221.1,312.7,44,none,21.9,0.277,0,0,-1,11.081,22.159,14.100,47.340,12.8,6.1,0.23,70.2,sparse,0.01,671744,ok
sparse,1782465085,node0.a100.isolateedinburgh-pg0.wisc.cloudlab.us,12090,split,fp32,1,8192,8192,8192,15,3,0.31,0.31,0.00,2691.665,1410,1410,1215,334.5,336.2,52,none,100.0,0.564,0,0,-1,27.148,15.577,179.444,222.169,10.9,17.2,0.25,19.2,sparse,0.05,3358720,ok
sparse,1782465089,node0.a100.isolateedinburgh-pg0.wisc.cloudlab.us,12090,split,fp32,2,8192,8192,8192,15,3,0.61,0.31,0.00,1350.208,1410,1410,1215,327.0,335.7,52,none,97.1,0.295,0,0,-1,18.786,4.979,90.014,113.779,8.6,27.0,0.48,20.9,sparse,0.05,3358720,ok
sparse,1782465091,node0.a100.isolateedinburgh-pg0.wisc.cloudlab.us,12090,split,fp32,3,8192,8192,8192,15,3,0.91,0.30,0.00,906.360,1404,1410,1215,310.2,336.7,52,none,91.5,0.206,0,0,-1,12.465,13.909,60.424,86.798,9.3,6.4,0.63,30.4,sparse,0.05,3358720,ok
sparse,1782465092,node0.a100.isolateedinburgh-pg0.wisc.cloudlab.us,12090,split,fp32,4,8192,8192,8192,15,3,1.21,0.30,0.00,683.673,1404,1410,1215,313.9,336.1,52,none,81.8,0.161,0,0,-1,23.102,13.676,44.831,81.610,4.1,4.9,0.67,45.1,sparse,0.05,3358720,ok
sparse,1782465093,node0.a100.isolateedinburgh-pg0.wisc.cloudlab.us,12090,split,fp64,1,8192,8192,8192,15,3,0.22,0.22,0.00,3831.084,1410,1410,1215,325.3,326.4,54,none,100.0,1.114,0,0,-1,24.471,19.962,255.406,299.838,23.6,26.9,0.18,14.8,sparse,0.05,3358720,ok
sparse,1782465099,node0.a100.isolateedinburgh-pg0.wisc.cloudlab.us,12090,split,fp64,2,8192,8192,8192,15,3,0.43,0.22,0.00,1918.498,1410,1410,1215,317.2,326.1,53,none,98.4,0.577,0,0,-1,16.491,17.235,127.900,161.626,18.7,15.6,0.34,20.9,sparse,0.05,3358720,ok
sparse,1782465102,node0.a100.isolateedinburgh-pg0.wisc.cloudlab.us,12090,split,fp64,3,8192,8192,8192,15,3,0.65,0.22,0.00,1278.996,1410,1410,1215,317.3,325.7,53,none,94.6,0.398,0,0,-1,14.159,22.720,85.096,121.975,15.5,7.9,0.45,30.2,sparse,0.05,3358720,ok
sparse,1782465104,node0.a100.isolateedinburgh-pg0.wisc.cloudlab.us,12090,split,fp64,4,8192,8192,8192,15,3,0.86,0.21,0.00,960.171,1401,1410,1215,292.1,324.6,52,none,89.4,0.309,0,0,-1,17.960,17.504,64.011,99.475,9.7,7.7,0.55,35.7,sparse,0.05,3358720,ok
sparse,1782465106,node0.a100.isolateedinburgh-pg0.wisc.cloudlab.us,12090,split,fp32,1,8192,8192,8192,15,3,0.40,0.40,0.00,4094.509,1410,1410,1215,366.3,370.6,57,none,100.0,0.591,0,0,-1,19.089,17.573,272.967,309.629,16.9,15.3,0.36,11.8,sparse,0.1,6709248,ok
sparse,1782465112,node0.a100.isolateedinburgh-pg0.wisc.cloudlab.us,12090,split,fp32,2,8192,8192,8192,15,3,0.81,0.40,0.00,2046.425,1410,1410,1215,355.3,370.9,58,none,99.5,0.322,0,0,-1,31.455,5.561,136.428,173.445,6.0,24.1,0.63,21.3,sparse,0.1,6709248,ok
sparse,1782465114,node0.a100.isolateedinburgh-pg0.wisc.cloudlab.us,12090,split,fp32,3,8192,8192,8192,15,3,1.21,0.40,0.00,1365.114,1410,1410,1215,351.8,370.4,58,none,93.2,0.233,0,0,-1,40.225,13.841,90.929,144.995,3.6,6.5,0.76,37.3,sparse,0.1,6709248,ok
sparse,1782465116,node0.a100.isolateedinburgh-pg0.wisc.cloudlab.us,12090,split,fp32,4,8192,8192,8192,15,3,1.61,0.40,0.00,1023.412,1410,1410,1215,351.1,371.0,58,none,87.8,0.188,0,0,-1,15.497,13.737,68.207,97.441,7.8,4.9,1.13,30.0,sparse,0.1,6709248,ok
sparse,1782465118,node0.a100.isolateedinburgh-pg0.wisc.cloudlab.us,12090,split,fp64,1,8192,8192,8192,15,3,0.28,0.28,0.00,5940.350,1410,1410,1215,369.7,370.9,59,none,100.0,1.154,0,0,-1,35.419,20.019,396.023,451.461,17.4,26.8,0.24,12.3,sparse,0.1,6709248,ok
sparse,1782465126,node0.a100.isolateedinburgh-pg0.wisc.cloudlab.us,12090,split,fp64,2,8192,8192,8192,15,3,0.55,0.28,0.00,2979.678,1410,1410,1215,354.0,370.1,59,none,99.2,0.617,0,0,-1,31.822,9.955,198.488,240.265,11.0,27.0,0.46,17.4,sparse,0.1,6709248,ok
sparse,1782465130,node0.a100.isolateedinburgh-pg0.wisc.cloudlab.us,12090,split,fp64,3,8192,8192,8192,15,3,0.83,0.28,0.00,1982.887,1410,1410,1215,355.5,369.7,59,none,99.3,0.439,0,0,-1,23.536,22.149,131.965,177.650,11.0,8.1,0.62,25.7,sparse,0.1,6709248,ok
sparse,1782465134,node0.a100.isolateedinburgh-pg0.wisc.cloudlab.us,12090,split,fp64,4,8192,8192,8192,15,3,1.11,0.28,0.00,1485.923,1410,1410,1215,339.1,369.1,59,none,96.7,0.349,0,0,-1,22.827,22.055,98.966,143.847,9.4,6.1,0.76,31.2,sparse,0.1,6709248,ok
sparse,1782465136,node0.a100.isolateedinburgh-pg0.wisc.cloudlab.us,12090,split,fp32,1,8192,8192,8192,15,3,0.63,0.63,0.00,6494.018,1410,1410,1215,392.8,394.6,62,none,100.0,0.671,0,0,-1,29.421,13.497,432.935,475.852,13.7,19.9,0.58,9.0,sparse,0.25,16777216,ok
sparse,1782465145,node0.a100.isolateedinburgh-pg0.wisc.cloudlab.us,12090,split,fp32,2,8192,8192,8192,15,3,1.26,0.63,0.00,3261.635,1410,1410,1215,375.6,392.8,62,none,99.2,0.403,0,0,-1,81.328,11.679,217.442,310.449,3.3,11.5,0.89,30.0,sparse,0.25,16777216,ok
sparse,1782465149,node0.a100.isolateedinburgh-pg0.wisc.cloudlab.us,12090,split,fp32,3,8192,8192,8192,15,3,1.90,0.63,0.00,2167.716,1410,1410,1215,370.5,394.5,63,none,98.4,0.313,0,0,-1,69.863,4.777,144.352,218.993,3.2,18.7,1.26,34.1,sparse,0.25,16777216,ok
sparse,1782465152,node0.a100.isolateedinburgh-pg0.wisc.cloudlab.us,12090,split,fp32,4,8192,8192,8192,15,3,2.53,0.63,0.00,1627.160,1410,1410,1215,374.2,393.4,63,none,98.2,0.268,0,0,-1,30.066,13.014,108.391,151.471,6.7,5.2,1.81,28.4,sparse,0.25,16777216,ok
sparse,1782465154,node0.a100.isolateedinburgh-pg0.wisc.cloudlab.us,12090,split,fp64,1,8192,8192,8192,15,3,0.31,0.31,0.00,13461.663,1410,1410,1215,342.3,343.7,61,none,100.0,1.275,0,0,-1,56.704,19.957,897.444,974.105,13.0,26.9,0.28,7.9,sparse,0.25,16777216,ok
sparse,1782465171,node0.a100.isolateedinburgh-pg0.wisc.cloudlab.us,12090,split,fp64,2,8192,8192,8192,15,3,0.61,0.31,0.00,6732.554,1410,1410,1215,330.7,343.2,61,none,99.6,0.738,0,0,-1,65.839,10.145,448.709,524.693,7.1,26.5,0.52,14.5,sparse,0.25,16777216,ok
sparse,1782465180,node0.a100.isolateedinburgh-pg0.wisc.cloudlab.us,12090,split,fp64,3,8192,8192,8192,15,3,0.92,0.31,0.00,4489.973,1410,1410,1215,329.1,342.6,60,none,99.6,0.559,0,0,-1,53.559,22.205,299.141,374.905,7.1,8.1,0.73,20.2,sparse,0.25,16777216,ok
sparse,1782465187,node0.a100.isolateedinburgh-pg0.wisc.cloudlab.us,12090,split,fp64,4,8192,8192,8192,15,3,1.22,0.31,0.00,3367.220,1410,1410,1215,324.3,341.6,60,none,98.6,0.470,0,0,-1,39.049,18.597,224.436,282.082,8.6,7.2,0.97,20.4,sparse,0.25,16777216,ok
sparse,1782465193,node0.a100.isolateedinburgh-pg0.wisc.cloudlab.us,12090,split,fp32,1,16384,16384,16384,15,3,0.20,0.20,0.00,6486.789,1410,1410,1215,300.2,302.7,57,none,100.0,2.169,0,0,-1,45.700,39.705,432.453,517.858,24.0,27.0,0.17,16.5,sparse,0.01,2686976,ok
sparse,1782465201,node0.a100.isolateedinburgh-pg0.wisc.cloudlab.us,12090,split,fp32,2,16384,16384,16384,15,3,0.41,0.20,0.00,3243.858,1410,1410,1215,292.6,302.5,56,none,99.9,1.095,0,0,-1,55.608,20.170,216.141,291.919,10.0,26.6,0.30,26.0,sparse,0.01,2686976,ok
sparse,1782465206,node0.a100.isolateedinburgh-pg0.wisc.cloudlab.us,12090,split,fp32,3,16384,16384,16384,15,3,0.61,0.20,0.00,2162.644,1410,1410,1215,283.5,301.5,56,none,98.4,0.737,0,0,-1,35.020,39.030,144.041,218.091,10.8,9.2,0.40,34.0,sparse,0.01,2686976,ok
sparse,1782465210,node0.a100.isolateedinburgh-pg0.wisc.cloudlab.us,12090,split,fp32,4,16384,16384,16384,15,3,0.81,0.20,0.00,1623.129,1410,1410,1215,275.7,301.0,55,none,97.1,0.558,0,0,-1,38.281,29.097,108.114,175.492,7.6,9.2,0.50,38.4,sparse,0.01,2686976,ok
sparse,1782465212,node0.a100.isolateedinburgh-pg0.wisc.cloudlab.us,12090,split,fp64,1,16384,16384,16384,15,3,0.19,0.19,0.00,6904.292,1410,1410,1215,323.2,324.9,57,none,100.0,4.327,0,0,-1,101.161,81.522,460.286,642.970,21.5,26.3,0.14,28.4,sparse,0.01,2686976,ok
sparse,1782465224,node0.a100.isolateedinburgh-pg0.wisc.cloudlab.us,12090,split,fp64,2,16384,16384,16384,15,3,0.38,0.19,0.00,3454.386,1410,1410,1215,310.4,323.0,56,none,99.4,2.180,0,0,-1,53.932,51.736,230.292,335.961,20.5,20.8,0.26,31.5,sparse,0.01,2686976,ok
sparse,1782465232,node0.a100.isolateedinburgh-pg0.wisc.cloudlab.us,12090,split,fp64,3,16384,16384,16384,15,3,0.57,0.19,0.00,2303.120,1410,1410,1215,308.9,321.8,55,none,99.9,1.464,0,0,-1,58.899,30.346,153.382,242.627,12.7,23.6,0.36,36.8,sparse,0.01,2686976,ok
sparse,1782465238,node0.a100.isolateedinburgh-pg0.wisc.cloudlab.us,12090,split,fp64,4,16384,16384,16384,15,3,0.76,0.19,0.00,1726.488,1410,1410,1215,300.9,315.7,53,none,98.8,1.106,0,0,-1,51.051,68.993,114.983,235.027,11.1,7.8,0.37,51.1,sparse,0.01,2686976,ok
sparse,1782465244,node0.a100.isolateedinburgh-pg0.wisc.cloudlab.us,12090,split,fp32,1,16384,16384,16384,15,3,0.28,0.28,0.00,23304.549,1410,1410,1215,340.7,342.4,58,none,100.0,2.255,0,0,-1,56.365,39.937,1553.637,1649.939,21.0,26.9,0.27,5.8,sparse,0.05,13418496,ok
sparse,1782465272,node0.a100.isolateedinburgh-pg0.wisc.cloudlab.us,12090,split,fp32,2,16384,16384,16384,15,3,0.57,0.28,0.00,11612.122,1410,1410,1215,332.4,343.2,59,none,99.9,1.181,0,0,-1,83.585,29.722,773.943,887.250,7.7,18.1,0.50,12.8,sparse,0.05,13418496,ok
sparse,1782465287,node0.a100.isolateedinburgh-pg0.wisc.cloudlab.us,12090,split,fp32,3,16384,16384,16384,15,3,0.85,0.28,0.00,7745.726,1410,1410,1215,330.9,343.0,59,none,99.5,0.823,0,0,-1,90.914,20.951,516.021,627.885,5.1,17.1,0.70,17.8,sparse,0.05,13418496,ok
sparse,1782465298,node0.a100.isolateedinburgh-pg0.wisc.cloudlab.us,12090,split,fp32,4,16384,16384,16384,15,3,1.13,0.28,0.00,5834.015,1410,1410,1215,325.4,341.7,59,none,99.6,0.644,0,0,-1,85.975,31.552,388.634,506.161,4.4,8.5,0.87,23.2,sparse,0.05,13418496,ok
sparse,1782465305,node0.a100.isolateedinburgh-pg0.wisc.cloudlab.us,12090,split,fp64,1,16384,16384,16384,15,3,0.21,0.21,0.00,32082.682,1410,1410,1215,332.2,333.5,60,none,100.0,4.456,0,0,-1,126.130,97.025,2138.845,2362.001,18.3,22.1,0.19,9.4,sparse,0.05,13418496,ok
sparse,1782465348,node0.a100.isolateedinburgh-pg0.wisc.cloudlab.us,12090,split,fp64,2,16384,16384,16384,15,3,0.41,0.21,0.00,16056.474,1410,1410,1215,321.5,332.1,59,none,100.0,2.309,0,0,-1,85.971,40.961,1069.841,1196.773,14.4,26.2,0.37,10.6,sparse,0.05,13418496,ok
sparse,1782465371,node0.a100.isolateedinburgh-pg0.wisc.cloudlab.us,12090,split,fp64,3,16384,16384,16384,15,3,0.62,0.21,0.00,10706.438,1410,1410,1215,319.3,330.9,58,none,99.8,1.593,0,0,-1,83.009,67.500,712.937,863.446,10.6,10.6,0.51,17.4,sparse,0.05,13418496,ok
sparse,1782465387,node0.a100.isolateedinburgh-pg0.wisc.cloudlab.us,12090,split,fp64,4,16384,16384,16384,15,3,0.82,0.21,0.00,8026.433,1410,1410,1215,315.1,330.3,57,none,99.8,1.235,0,0,-1,81.641,50.484,534.499,666.625,8.5,10.6,0.66,19.8,sparse,0.05,13418496,ok
sparse,1782465400,node0.a100.isolateedinburgh-pg0.wisc.cloudlab.us,12090,split,fp32,1,16384,16384,16384,15,3,0.38,0.38,0.00,35127.207,1410,1410,1215,374.9,378.7,64,none,100.0,2.362,0,0,-1,71.799,40.046,2341.814,2453.659,17.9,26.8,0.36,4.6,sparse,0.1,26836992,ok
sparse,1782465443,node0.a100.isolateedinburgh-pg0.wisc.cloudlab.us,12090,split,fp32,2,16384,16384,16384,15,3,0.75,0.38,0.00,17539.846,1410,1410,1215,363.7,379.2,64,none,99.9,1.289,0,0,-1,141.412,27.375,1168.477,1337.264,5.3,19.6,0.66,12.6,sparse,0.1,26836992,ok
sparse,1782465465,node0.a100.isolateedinburgh-pg0.wisc.cloudlab.us,12090,split,fp32,3,16384,16384,16384,15,3,1.13,0.38,0.00,11696.337,1410,1410,1215,362.3,373.0,63,none,99.8,0.931,0,0,-1,203.579,37.822,779.240,1020.641,2.8,9.5,0.86,23.7,sparse,0.1,26836992,ok
sparse,1782465480,node0.a100.isolateedinburgh-pg0.wisc.cloudlab.us,12090,split,fp32,4,16384,16384,16384,15,3,1.50,0.38,0.00,8789.269,1410,1410,1215,359.3,378.2,64,none,99.8,0.752,0,0,-1,148.053,36.761,585.569,770.382,3.3,7.3,1.14,24.0,sparse,0.1,26836992,ok
sparse,1782465492,node0.a100.isolateedinburgh-pg0.wisc.cloudlab.us,12090,split,fp64,1,16384,16384,16384,15,3,0.26,0.26,0.00,50576.051,1410,1410,1215,366.2,367.2,64,none,100.0,4.617,0,0,-1,147.718,96.888,3371.737,3616.342,16.7,22.2,0.24,6.8,sparse,0.1,26836992,ok
sparse,1782465557,node0.a100.isolateedinburgh-pg0.wisc.cloudlab.us,12090,split,fp64,2,16384,16384,16384,15,3,0.52,0.26,0.00,25304.811,1410,1410,1215,353.5,365.5,63,none,100.0,2.470,0,0,-1,117.597,52.674,1685.134,1855.405,11.9,20.4,0.47,9.2,sparse,0.1,26836992,ok
sparse,1782465591,node0.a100.isolateedinburgh-pg0.wisc.cloudlab.us,12090,split,fp64,3,16384,16384,16384,15,3,0.78,0.26,0.00,16878.236,1410,1410,1215,354.8,363.9,62,none,99.9,1.754,0,0,-1,121.377,31.739,1125.216,1278.331,8.6,22.6,0.69,12.0,sparse,0.1,26836992,ok
sparse,1782465615,node0.a100.isolateedinburgh-pg0.wisc.cloudlab.us,12090,split,fp64,4,16384,16384,16384,15,3,1.04,0.26,0.00,12664.547,1410,1410,1215,350.1,367.3,63,none,99.9,1.396,0,0,-1,120.284,54.890,843.099,1018.274,7.1,9.8,0.86,17.2,sparse,0.1,26836992,ok
sparse,1782465633,node0.a100.isolateedinburgh-pg0.wisc.cloudlab.us,12090,split,fp32,1,16384,16384,16384,15,3,0.50,0.50,0.00,65635.141,1410,1410,1215,341.8,343.4,62,none,100.0,2.684,0,0,-1,87.689,39.855,4375.676,4503.220,18.4,26.9,0.49,2.8,sparse,0.25,67108864,ok
sparse,1782465713,node0.a100.isolateedinburgh-pg0.wisc.cloudlab.us,12090,split,fp32,2,16384,16384,16384,15,3,1.00,0.50,0.00,32839.719,1410,1410,1215,333.3,347.9,62,none,99.9,1.611,0,0,-1,288.036,20.410,2189.315,2497.761,3.7,26.3,0.88,12.3,sparse,0.25,67108864,ok
sparse,1782465754,node0.a100.isolateedinburgh-pg0.wisc.cloudlab.us,12090,split,fp32,3,16384,16384,16384,15,3,1.51,0.50,0.00,21913.779,1410,1410,1215,332.8,340.8,60,none,99.9,1.253,0,0,-1,274.965,21.191,1460.919,1757.075,3.3,16.9,1.25,16.9,sparse,0.25,67108864,ok
sparse,1782465781,node0.a100.isolateedinburgh-pg0.wisc.cloudlab.us,12090,split,fp32,4,16384,16384,16384,15,3,2.01,0.50,0.00,16434.727,1410,1410,1215,329.4,345.3,63,none,99.8,1.074,0,0,-1,277.629,22.219,1094.410,1394.258,2.9,12.1,1.58,21.5,sparse,0.25,67108864,ok
